material,model,qe_pair,qe_phi122,qe_phi1122,qe_gamma_thz,qe_q_thz,legacy_to_unit_norm_scale,phi122,phi1122,stage1_gamma_thz,stage1_q_thz,stage2_gamma_thz,stage2_q_thz,fit_center_rmse_ev,fit_wide_rmse_ev,gamma_overlap2,q_overlap2,q_subspace_dimension,phi111,phi112,phi222,c10_ev,c01_ev,wide_phi122,wide_phi1122,energy_accumulation,grid_points,inference_seconds,grid_min_q1,grid_min_q2,phi122_error,phi122_relative_error_percent,phi1122_error
mos2,qe-ms,Gamma_p0_m8__M_q_0.500_0.000_0.000_m9,106.13408735786474,8.453436797996394,12.297423,12.50735,1.0000006819638199,98.42971974823244,,12.297423,12.50735,12.32333540754437,12.563977044140492,,0.010053285296996688,1.0,1.0,,,,,,,,,archived_original,,,,,-7.7043676096323,-7.2590887634945975,
mos2,tece,Gamma_p0_m8__M_q_0.500_0.000_0.000_m9,106.13408735786474,8.453436797996394,12.297423,12.50735,1.0000006819638199,88.87721470424,13.511502012914567,11.834048201388967,11.778821861819175,11.767300975935534,11.824462284176729,0.00012309771782916966,0.001095712121085315,0.9999999854169932,0.9979794966575227,1,-95.9022521972609,0.000980922155420754,-0.015640258780809737,0.001291238693964859,1.932325818774956e-06,88.97456971425862,7.229398955929945,atomic_float32_sum_float64_v2,81,4.918773960554972,0.0,0.0,-17.25687265362474,-16.259500678078776,5.058065214918173
mos2,prophet,Gamma_p0_m8__M_q_0.500_0.000_0.000_m9,106.13408735786474,8.453436797996394,12.297423,12.50735,1.0000006819638199,89.42304338727567,13.607414401307693,11.65598309212374,11.94063113362531,11.767919512657222,11.814861736457287,0.0001234025470244065,0.001138918180214453,0.9999999567713265,0.9962299622095939,1,-96.05789184569831,0.0021798270104526726,-0.01678466796055571,-0.0003044627961649049,2.2524879106862127e-06,89.42919259119513,7.109470188352729,atomic_float32_sum_float64_v2,81,4.657309811329469,0.0,0.0,-16.711043970589074,-15.745218512354553,5.153977603311299
mos2,equiformer-v3,Gamma_p0_m8__M_q_0.500_0.000_0.000_m9,106.13408735786474,8.453436797996394,12.297423,12.50735,1.0000006819638199,88.72473580496734,13.349572006537358,11.856160898077976,11.788542752555315,11.767328861045785,11.826431127386572,0.00012463022747532723,0.0010732335573769589,0.9999999976956966,0.996856544730775,1,95.81489562988745,0.0031607491643645437,-0.00724792479656922,-0.002671884355089897,4.654838940332352e-07,88.8944262549992,7.26542561574417,atomic_float32_sum_float64_v2,81,4.307925449451432,0.0,0.0,-17.409351552897405,-16.403166961992383,4.896135208540963
mos2,qe-ms,Gamma_p0_m8__M_q_0.500_0.000_0.000_m8,98.76601380339066,8.554010690251433,12.297423,11.837592,0.9999997103831377,97.68237963363728,,12.297423,11.837592,12.32333540754437,12.586709068106472,,0.003325257985881294,1.0,1.0,,,,,,,,,archived_original,,,,,-1.0836341697533811,-1.0971731347895906,
mos2,tece,Gamma_p0_m8__M_q_0.500_0.000_0.000_m8,98.76601380339066,8.554010690251433,12.297423,11.837592,0.9999997103831377,83.03702218191847,7.574276048309681,11.834048201388967,11.171675825679428,11.763329027308387,11.687446112468388,9.99951240977016e-06,0.0004320152424790556,0.9999999854169932,0.9995581502911368,1,-91.63818359374534,0.0009809221555036097,0.002670288094253618,0.0006247429620660976,-8.3332969888761e-07,82.34210282693186,6.148497790818164,atomic_float32_sum_float64_v2,81,4.403393492102623,0.0,0.0,-15.72899162147219,-15.925510219318186,-0.9797346419417519
mos2,prophet,Gamma_p0_m8__M_q_0.500_0.000_0.000_m8,98.76601380339066,8.554010690251433,12.297423,11.837592,0.9999997103831377,84.14737156459174,7.392260493064795,11.65598309212374,11.391711954731038,11.763676568563838,11.686802423221401,1.0594055975949205e-05,0.00047335326144304135,0.9999999567713265,0.9982732500668575,1,-91.82395935058128,0.001253400531421292,-0.004959106437238634,-0.000970384052820626,1.7938159909765026e-07,83.2776207256454,5.871256422628424,atomic_float32_sum_float64_v2,81,4.398505331715569,0.0,0.0,-14.618642238798927,-14.801288090759279,-1.1617501971866382
mos2,equiformer-v3,Gamma_p0_m8__M_q_0.500_0.000_0.000_m8,98.76601380339066,8.554010690251433,12.297423,11.837592,0.9999997103831377,83.41930934361145,7.558550153459853,11.856160898077976,11.050786720246654,11.762929991537963,11.704962765046423,1.0784413934319164e-05,0.00044425905350158117,0.9999999976956966,0.9988411092108298,1,91.45965576172343,-5.4495673787581047e-05,-0.007629394523156286,-0.001986317407516224,1.3805571071618275e-06,82.69374621722967,6.107899299149732,atomic_float32_sum_float64_v2,81,4.534742855699733,0.0,0.0,-15.346704459779218,-15.538446747814746,-0.9954605367915796
mos2,qe-ms,Gamma_p0_m8__M_q_0.500_0.000_0.000_m7,78.02281895945994,9.81369290674895,12.297423,11.223817,1.000000405819434,81.33896995088807,,12.297423,11.223817,12.32333540754437,10.617276385425173,,0.003836776425700452,1.0,1.0,,,,,,,,,archived_original,,,,,3.316150991428131,4.250232221359726,
mos2,tece,Gamma_p0_m8__M_q_0.500_0.000_0.000_m7,78.02281895945994,9.81369290674895,12.297423,11.223817,1.000000405819434,69.11332266671228,11.730739048548655,11.834048201388967,10.44479357396968,11.762332093241541,9.857442798336269,2.131876839617047e-05,0.0005142158588171636,0.9999999854169932,0.9999350015469416,1,-92.10777282714504,0.00016348702704676598,-0.001525878898627111,0.0007122925349650747,3.088088275683601e-07,70.1162424954501,11.049920674713832,atomic_float32_sum_float64_v2,81,3.5628383869770914,0.0,0.0,-8.909496292747662,-11.419090480923238,1.9170461417997053
mos2,prophet,Gamma_p0_m8__M_q_0.500_0.000_0.000_m7,78.02281895945994,9.81369290674895,12.297423,11.223817,1.000000405819434,68.8316890171589,11.704269720583888,11.65598309212374,10.169500644806698,11.76336812949769,9.85631296605127,2.0856577815826593e-05,0.0005101100472730566,0.9999999567713265,0.9944924108432767,2,-92.2492980956998,0.0008174351296325811,0.005722045905697413,-0.0008900188264385774,-1.566750648895452e-07,69.84292961990333,11.027760458404313,atomic_float32_sum_float64_v2,81,3.645998145453632,0.0,0.0,-9.191129942301046,-11.780053662348045,1.8905768138349384
mos2,equiformer-v3,Gamma_p0_m8__M_q_0.500_0.000_0.000_m7,78.02281895945994,9.81369290674895,12.297423,11.223817,1.000000405819434,69.20967102050841,11.748489068479195,11.856160898077976,10.374431296941117,11.762989098318661,9.864162912042282,2.0857990637715777e-05,0.0005197102002665768,0.9999999976956966,0.9991393969073348,1,91.94183349609683,-0.00016348702438380943,-0.0038146972578714947,-0.002075862884520753,-1.8165224939250037e-07,70.23245369717168,11.081037397865867,atomic_float32_sum_float64_v2,81,4.50324930017814,0.0,0.0,-8.81314793895153,-11.295603076749606,1.9347961617302456
mos2,qe-ms,Gamma_p0_m8__K_q_0.333_0.333_0.000_m9,74.29895723998388,4.190064861633541,12.297423,12.075427,2.0000006674187167,64.83679619021412,,12.297423,12.075427,12.313214573099678,12.563336051988092,,0.002154693298319018,1.0,1.0,,,,,,,,,archived_original,,,,,-9.462161049769762,-12.735254169459209,
mos2,tece,Gamma_p0_m8__K_q_0.333_0.333_0.000_m9,74.29895723998388,4.190064861633541,12.297423,12.075427,2.0000006674187167,58.54470389229819,6.952713946907219,11.834048201388967,11.413731981531,11.763103199850015,11.782804287748714,0.00010212043790864829,0.0009254007540596895,0.9999999854169932,0.999043200878577,1,-61.8629455566361,-0.5623953683022385,-49.33738708495285,0.001123214903332911,0.00016385260082576347,60.87070949493881,5.391177654632595,atomic_float32_sum_float64_v2,81,6.6741044842638075,0.0,0.0,-15.75425334768569,-21.203868712181013,2.7626490852736776
mos2,prophet,Gamma_p0_m8__K_q_0.333_0.333_0.000_m9,74.29895723998388,4.190064861633541,12.297423,12.075427,2.0000006674187167,58.54372297014397,6.981674505739721,11.65598309212374,11.671506627865575,11.764300996947618,11.773588652369181,0.00010131275203049552,0.0009150650068766977,0.9999999567713265,0.9987187362891831,1,-61.950302124018826,-0.5620683942507929,-49.20692443846788,-0.0012696879250653562,0.00016625041053550967,60.83059613666834,5.384947468553724,atomic_float32_sum_float64_v2,81,6.808055593632162,0.0,0.0,-15.75523426983991,-21.205188948952372,2.79160964410618
mos2,equiformer-v3,Gamma_p0_m8__K_q_0.333_0.333_0.000_m9,74.29895723998388,4.190064861633541,12.297423,12.075427,2.0000006674187167,58.55178833007898,6.799191844706787,11.856160898077976,11.325376953751181,11.762912104433122,11.778129832975004,0.000101098082201537,0.0009179251169357263,0.9999999976956966,0.9981318142570039,1,61.702728271488965,-0.5629403250544778,-49.22409057616364,-0.0031749089558909182,0.00017214275541909153,60.88102899416542,5.335814824036833,atomic_float32_sum_float64_v2,81,7.074215468484908,0.0,0.0,-15.7471689099049,-21.194333668831874,2.6091269830732458
mos2,qe-ms,Gamma_p0_m8__line_q_0.333_0.667_0.000_m8,67.77577718712004,1.6407687933034638,12.297423,12.331607,2.0000006019226544,71.77038990368139,,12.297423,12.331607,12.313214573099678,12.818465607099133,,0.0009741559721010599,1.0,1.0,,,,,,,,,archived_original,,,,,3.994612716561349,5.893864861973839,
mos2,tece,Gamma_p0_m8__line_q_0.333_0.667_0.000_m8,67.77577718712004,1.6407687933034638,12.297423,12.331607,2.0000006019226544,62.73062569754354,3.0760473134568422,11.834048201388967,11.636890327020911,11.762250275911907,12.028553930824765,8.645071177591452e-06,0.0003570384566691086,0.9999999854169932,0.9992842450365532,1,-59.9380493164014,0.0009809221554248652,0.0015258789146632692,0.0007845787774958517,7.26609017768779e-08,61.80453293595289,2.421708633417563,atomic_float32_sum_float64_v2,81,7.334620668552816,0.0,0.0,-5.045151489576504,-7.443885852680822,1.4352785201533784
mos2,prophet,Gamma_p0_m8__line_q_0.333_0.667_0.000_m8,67.77577718712004,1.6407687933034638,12.297423,12.331607,2.0000006019226544,62.78163364955244,3.0617227359691634,11.65598309212374,11.85517399884979,11.76336243468503,12.023803236530847,8.51869468057847e-06,0.00036499585996826973,0.9999999567713265,0.9966298201327118,1,-60.003280639643485,0.00076293945464617,0.03890991211757916,-0.0016155129387255436,-4.386901853960919e-06,61.83208394016187,2.3779796608131565,atomic_float32_sum_float64_v2,81,7.196063872659579,0.0,0.0,-4.994143537567602,-7.368625997130842,1.4209539426656996
mos2,equiformer-v3,Gamma_p0_m8__line_q_0.333_0.667_0.000_m8,67.77577718712004,1.6407687933034638,12.297423,12.331607,2.0000006019226544,63.06424822126225,3.066082389987068,11.856160898077976,11.519141863706109,11.762674777584817,12.045329680392602,1.1260888803012397e-05,0.000371453780807427,0.9999999976956966,0.9969253544738197,1,59.75456237793445,-0.002070835657072548,-0.03471374510880299,-0.0028309163593100294,5.397342501727979e-06,62.07069614404907,2.3707268318982067,atomic_float32_sum_float64_v2,81,7.0067857226822525,0.0,0.0,-4.711528965857795,-6.951641370116466,1.4253135966836044
wse2,qe-ms,Gamma_p0_m8__M_q_0.500_0.000_0.000_m9,30.581270840938974,1.9043965254678332,7.545686,8.110738,0.999999858768053,31.161930587779793,,7.545686,8.110738,7.7459308592365295,8.453852157773992,,0.0010035949357094602,1.0,1.0,,,,,,,,,archived_original,,,,,0.5806597468408192,1.8987430243202756,
wse2,tece,Gamma_p0_m8__M_q_0.500_0.000_0.000_m9,30.581270840938974,1.9043965254678332,7.545686,8.110738,0.999999858768053,26.152474539620098,3.193446568080349,7.232128020653701,7.60478233047762,7.2267638960217155,7.80660126842513,1.3564756819989864e-05,0.0001309879168594725,0.9998445556971985,0.9995567074014559,1,-23.047256469724424,0.0015258789068248587,0.026321411136192536,-0.0019269330160954414,-4.053115844161996e-06,25.9621157790675,2.517178508063378,atomic_float32_sum_float64_v2,81,4.004941135877743,0.0,0.0,-4.428796301318876,-14.48205447168687,1.289050042612516
wse2,prophet,Gamma_p0_m8__M_q_0.500_0.000_0.000_m9,30.581270840938974,1.9043965254678332,7.545686,8.110738,0.999999858768053,26.13672528948149,3.13256711375956,7.176936976787001,7.648772521795463,7.226718622291465,7.792841581235309,1.3730550096093049e-05,0.00013210072805792218,0.9998024245764656,0.9963850365250293,2,23.084259033205186,0.0020163399838461103,-0.01869201659827584,0.00252680551438147,2.1820976626445125e-06,25.923987797328447,2.4917582736750097,atomic_float32_sum_float64_v2,81,5.988110885256901,0.0,0.0,-4.444545551457484,-14.533554130483013,1.2281705882917267
wse2,equiformer-v3,Gamma_p0_m8__M_q_0.500_0.000_0.000_m9,30.581270840938974,1.9043965254678332,7.545686,8.110738,0.999999858768053,25.945390973771925,3.129297373246298,7.23498420609477,7.604242289100417,7.2249416868345895,7.796358473748323,1.2382797714986604e-05,0.00012894720241434096,0.9998484200671498,0.9973775175440764,1,-23.08387756347458,-0.0008719308030588456,-0.008392333981154906,-0.0012800421033582535,1.8074398954981966e-06,25.745099550717818,2.493626589592762,atomic_float32_sum_float64_v2,81,5.06739218859002,0.0,0.0,-4.6358798671670485,-15.159212615065762,1.2249008477784649
wse2,qe-ms,Gamma_p0_m8__M_q_0.500_0.000_0.000_m8,27.767677293480986,,7.545686,7.915659,0.9999987809773,27.82938153290141,,7.545686,7.915659,7.7459308592365295,8.381789753623064,,0.0003465049551311205,1.0,1.0,,,,,,,,,archived_original,,,,,0.061704239420425466,0.22221606354850487,
wse2,tece,Gamma_p0_m8__M_q_0.500_0.000_0.000_m8,27.767677293480986,,7.545686,7.915659,0.9999987809773,22.666604178292044,1.2776900310907946,7.232128020653701,7.404163558101032,7.225436129082901,7.616592778498528,3.2412536928367376e-06,6.099709137665586e-05,0.9998445556971985,0.9999015228031827,1,-23.573684692380905,0.0018528529580756547,-0.0041961669891329954,-0.0018529278891423059,-2.8837294746362277e-07,22.854581505361217,1.258575510369675,atomic_float32_sum_float64_v2,81,4.306733110686764,0.0,0.0,-5.101073115188942,-18.37054306442304,
wse2,prophet,Gamma_p0_m8__M_q_0.500_0.000_0.000_m8,27.767677293480986,,7.545686,7.915659,0.9999987809773,23.00224304199255,1.3167712153222544,7.176936976787001,7.583760190005563,7.226214393964673,7.615885166947383,3.4979432095752022e-06,6.209581844182581e-05,0.9998024245764656,0.9977499245771777,2,23.624420166017522,0.001907348633316884,-0.004196166988998602,0.0024508794148767163,-1.5894571363792108e-08,23.170175043191403,1.2556359751872137,atomic_float32_sum_float64_v2,81,4.6936547046061605,0.0,0.0,-4.765434251488436,-17.16180363637119,
wse2,equiformer-v3,Gamma_p0_m8__M_q_0.500_0.000_0.000_m8,27.767677293480986,,7.545686,7.915659,0.9999987809773,22.767693655831078,1.261964136240662,7.23498420609477,7.389615250624495,7.224258440166164,7.617370357160813,3.544479738522061e-06,6.308405444830246e-05,0.9998484200671498,0.9983882823457778,1,-23.615646362302833,-0.002561296734995984,0.019073486331337375,-0.0012035392579574184,-2.7293250668496083e-06,22.952084451870824,1.2532238105889826,atomic_float32_sum_float64_v2,81,4.397931861225516,0.0,0.0,-4.999983637649908,-18.0064885687207,
wse2,qe-ms,Gamma_p0_m8__M_q_0.500_0.000_0.000_m7,22.478603522962032,,7.545686,7.350203,0.9999996799210994,22.3998951740147,,7.545686,7.350203,7.7459308592365295,6.930782630228157,,0.00035191193833883664,1.0,1.0,,,,,,,,,archived_original,,,,,-0.07870834894733392,-0.3501478589047262,
wse2,tece,Gamma_p0_m8__M_q_0.500_0.000_0.000_m7,22.478603522962032,,7.545686,7.350203,0.9999996799210994,18.432835170200544,1.6663220463966204,7.232128020653701,6.803872237566802,7.224909591138084,6.331525740182924,4.911439168869533e-06,8.409371228818257e-05,0.9998445556971985,0.9999719375586561,1,-23.64425659179543,0.00032697405188494106,2.9328978924449626e-12,-0.001840600513276343,-1.7711094397389072e-07,18.66470449758642,1.6762015768658212,atomic_float32_sum_float64_v2,81,4.355486889136955,0.0,0.0,-4.045768352761488,-17.998308251794693,
wse2,prophet,Gamma_p0_m8__M_q_0.500_0.000_0.000_m7,22.478603522962032,,7.545686,7.350203,0.9999996799210994,18.429183959961257,1.6836049605389314,7.176936976787001,6.6090934171370215,7.225157497887232,6.329621693133301,3.4497441152198726e-06,8.513582681147722e-05,0.9998024245764656,0.9995236618621512,1,23.661422729493644,0.00016348702622858924,-0.008773803707992507,0.0024432341257733864,1.3737451467662444e-06,18.655367709513545,1.6785812499458541,atomic_float32_sum_float64_v2,81,4.332935619633645,0.0,0.0,-4.049419563000775,-18.01455129925784,
wse2,equiformer-v3,Gamma_p0_m8__M_q_0.500_0.000_0.000_m7,22.478603522962032,,7.545686,7.350203,0.9999996799210994,18.389020647321125,1.6389185068559076,7.23498420609477,6.761881149835073,7.224076962484276,6.328947438291777,4.9280695521956e-06,8.496834486283167e-05,0.9998484200671498,0.9981824739852284,1,-23.647308349608007,0.002942766462554224,0.008010864260671926,-0.0011989230201355189,-1.927784510506873e-06,18.62643711150638,1.6703843797884754,atomic_float32_sum_float64_v2,81,4.589598954422399,0.0,0.0,-4.089582875640907,-18.193224821387915,
wse2,qe-ms,Gamma_p0_m8__K_q_0.333_0.333_0.000_m9,21.19245643221083,,7.545686,7.869172,1.9999981324174878,21.10070574275753,,7.545686,7.869172,7.746042522545824,8.498648269163786,,0.0007251696977440663,1.0,1.0,,,,,,,,,archived_original,,,,,-0.09175068945329912,-0.43294032358535584,
wse2,tece,Gamma_p0_m8__K_q_0.333_0.333_0.000_m9,21.19245643221083,,7.545686,7.869172,1.9999981324174878,17.67539978027301,1.5194951271526036,7.232128020653701,7.395478842186667,7.225074490178827,7.836849302020898,2.712383199641548e-05,0.00028811255140911713,0.9998445556971985,0.997346238132077,1,-15.565490722654152,0.04713875906863089,-15.48576354980148,-0.0028054555257157237,-1.4756974719224363e-05,17.53861494738645,1.2941495050712848,atomic_float32_sum_float64_v2,81,7.264986367197707,0.0,0.0,-3.5170566519378177,-16.595795127327357,
wse2,prophet,Gamma_p0_m8__K_q_0.333_0.333_0.000_m9,21.19245643221083,,7.545686,7.869172,1.9999981324174878,17.67387390136761,1.5101530114000616,7.176936976787001,7.537658386762713,7.2258381799853275,7.841516044414769,2.8434310403465646e-05,0.0002873008970813379,0.9998024245764656,0.9975587767474601,1,15.549850463869266,0.05825587681420295,-15.55976867675454,0.003716198603312609,-1.4834176925792582e-05,17.537069802332425,1.2885179993442908,atomic_float32_sum_float64_v2,81,6.799515098333359,0.0,0.0,-3.5185825308432186,-16.602995231337392,
wse2,equiformer-v3,Gamma_p0_m8__K_q_0.333_0.333_0.000_m9,21.19245643221083,,7.545686,7.869172,1.9999981324174878,17.676217215401362,1.4916244818240498,7.23498420609477,7.321287307848988,7.22385399669386,7.829602049370791,2.488078846288017e-05,0.00028480058690639543,0.9998484200671498,0.9968961115202094,1,-15.562057495115212,0.07291521344914144,-15.447235107418559,-0.0018382730938135187,-2.0040784562763665e-05,17.512772437641974,1.2852552647027449,atomic_float32_sum_float64_v2,81,6.708726964192465,0.0,0.0,-3.516239216809467,-16.591937928748393,
wse2,qe-ms,Gamma_p0_m8__line_q_0.333_0.667_0.000_m8,19.853000984712573,,7.545686,8.117051,2.000000920032733,20.71708542305242,,7.545686,8.117051,7.746042522545824,8.404153908359167,,0.0005283079340503247,1.0,1.0,,,,,,,,,archived_original,,,,,0.864084438339848,4.3524122071278795,
wse2,tece,Gamma_p0_m8__line_q_0.333_0.667_0.000_m8,19.853000984712573,,7.545686,8.117051,2.000000920032733,17.26537431989356,1.5596662248885673,7.232128020653701,7.623628616072686,7.225754642486642,7.746012406374557,1.5810380210218035e-05,0.00016184237196303908,0.9998445556971985,0.999170171414596,2,-15.567398071287105,0.05346025739451467,-9.34257507323888,-0.0028052670615055886,-1.5002205257744674e-05,17.103658678899777,1.3321100000037167,atomic_float32_sum_float64_v2,81,6.756575643317774,0.0,0.0,-2.5876266648190125,-13.033932083172541,
wse2,prophet,Gamma_p0_m8__line_q_0.333_0.667_0.000_m8,19.853000984712573,,7.545686,8.117051,2.000000920032733,17.26194109235526,1.5607561383931823,7.176936976787001,7.699272939906354,7.225585523821419,7.745543201720029,1.628264615335259e-05,0.00015902238826896755,0.9998024245764656,0.9976108514861429,1,15.633773803712867,0.046430315290673395,-9.281158447262467,0.003709254946027918,-1.0749271937175267e-05,17.101293346410557,1.3213624920444256,atomic_float32_sum_float64_v2,81,6.782663871068507,0.0,0.0,-2.591059892357311,-13.05122532534254,
wse2,equiformer-v3,Gamma_p0_m8__line_q_0.333_0.667_0.000_m8,19.853000984712573,,7.545686,8.117051,2.000000920032733,17.194529942103397,1.5397363779497963,7.23498420609477,7.61420664976421,7.224265167164406,7.743256534022711,1.614279230813237e-05,0.00015361320858275725,0.9998484200671498,0.9976853856591588,2,-15.572357177732398,0.06174360002846147,-9.217834472652923,-0.0018385796319866602,-1.1112576438691135e-05,17.02034910347896,1.3207052983644774,atomic_float32_sum_float64_v2,81,6.652469949796796,0.0,0.0,-2.6584710426091753,-13.39077676295025,
