reference_channel,candidate_channel,qx,qy,gamma_dimension,target_overlap_squared,gamma_minimum_overlap_squared,reference_selected,candidate_selected,reference_screen_phi122_norm,reference_refined_phi122_norm,reference_refined_phi1122_trace,candidate_screen_phi122_norm,candidate_refined_phi122_norm,candidate_refined_phi1122_trace
line_p1_m1__Gamma_4_5,line_p1_m1__Gamma_4_5,0.0,0.16666666666666666,2,0.9999704332028814,0.9999999931429784,False,False,0.012839233415447484,,,0.01740618920177839,,
line_p1_m1__Gamma_6,line_p1_m1__Gamma_6,0.0,0.16666666666666666,1,0.9999704332028814,0.9999999987846697,False,False,0.5254745483398438,,,0.316619873046875,,
line_p1_m1__Gamma_7_8,line_p1_m1__Gamma_7_8,0.0,0.16666666666666666,2,0.9999704332028814,0.999999992710711,False,False,0.0764740368103801,,,0.10496971943763948,,
line_p1_m1__Gamma_9,line_p1_m1__Gamma_9,0.0,0.16666666666666666,1,0.9999704332028814,0.9999999984151584,False,False,0.025033950805664062,,,0.01430511474609375,,
line_p1_m2__Gamma_4_5,line_p1_m2__Gamma_4_5,0.0,0.16666666666666666,2,0.999999001211106,0.9999999931429784,False,False,0.035633808251613094,,,0.006198883056640625,,
line_p1_m2__Gamma_6,line_p1_m2__Gamma_6,0.0,0.16666666666666666,1,0.999999001211106,0.9999999987846697,False,False,0.1480579376220703,,,0.1010894775390625,,
line_p1_m2__Gamma_7_8,line_p1_m2__Gamma_7_8,0.0,0.16666666666666666,2,0.999999001211106,0.999999992710711,False,False,0.22697060545639178,,,0.18784297650872647,,
line_p1_m2__Gamma_9,line_p1_m2__Gamma_9,0.0,0.16666666666666666,1,0.999999001211106,0.9999999984151584,False,False,0.0007152557373046875,,,0.0019073486328125,,
line_p1_m3__Gamma_4_5,line_p1_m3__Gamma_4_5,0.0,0.16666666666666666,2,0.9998869109212739,0.9999999931429784,False,False,0.03918342434538391,,,0.011762520202201853,,
line_p1_m3__Gamma_6,line_p1_m3__Gamma_6,0.0,0.16666666666666666,1,0.9998869109212739,0.9999999987846697,False,False,0.06341934204101562,,,0.16045570373535156,,
line_p1_m3__Gamma_7_8,line_p1_m3__Gamma_7_8,0.0,0.16666666666666666,2,0.9998869109212739,0.999999992710711,False,False,0.17772469966649956,,,0.1949390843159003,,
line_p1_m3__Gamma_9,line_p1_m3__Gamma_9,0.0,0.16666666666666666,1,0.9998869109212739,0.9999999984151584,False,False,0.0050067901611328125,,,0.00286102294921875,,
line_p1_m4__Gamma_4_5,line_p1_m4__Gamma_4_5,0.0,0.16666666666666666,2,0.9999999876404295,0.9999999931429784,False,False,0.05216574538069462,,,0.012564003111129186,,
line_p1_m4__Gamma_6,line_p1_m4__Gamma_6,0.0,0.16666666666666666,1,0.9999999876404295,0.9999999987846697,False,False,2.9754638671875,,,3.1135082244873047,,
line_p1_m4__Gamma_7_8,line_p1_m4__Gamma_7_8,0.0,0.16666666666666666,2,0.9999999876404295,0.999999992710711,False,False,3.042261876756352,,,3.0020855763294017,,
line_p1_m4__Gamma_9,line_p1_m4__Gamma_9,0.0,0.16666666666666666,1,0.9999999876404295,0.9999999984151584,False,False,0.020503997802734375,,,0.04649162292480469,,
line_p1_m5__Gamma_4_5,line_p1_m5__Gamma_4_5,0.0,0.16666666666666666,2,0.9999022901873649,0.9999999931429784,False,False,0.04456897207801562,,,0.01215700987241932,,
line_p1_m5__Gamma_6,line_p1_m5__Gamma_6,0.0,0.16666666666666666,1,0.9999022901873649,0.9999999987846697,False,False,3.5696029663085938,,,3.6962032318115234,,
line_p1_m5__Gamma_7_8,line_p1_m5__Gamma_7_8,0.0,0.16666666666666666,2,0.9999022901873649,0.999999992710711,False,False,3.3214531061040744,,,3.538158993731516,,
line_p1_m5__Gamma_9,line_p1_m5__Gamma_9,0.0,0.16666666666666666,1,0.9999022901873649,0.9999999984151584,False,False,0.0040531158447265625,,,0.045299530029296875,,
line_p1_m6__Gamma_4_5,line_p1_m6__Gamma_4_5,0.0,0.16666666666666666,2,0.9982915485858429,0.9999999931429784,False,False,0.030242529812672763,,,0.03267726462389835,,
line_p1_m6__Gamma_6,line_p1_m6__Gamma_6,0.0,0.16666666666666666,1,0.9982915485858429,0.9999999987846697,False,False,6.115436553955078,,,6.143808364868164,,
line_p1_m6__Gamma_7_8,line_p1_m6__Gamma_7_8,0.0,0.16666666666666666,2,0.9982915485858429,0.999999992710711,False,False,0.5819477141242102,,,0.6822221723324687,,
line_p1_m6__Gamma_9,line_p1_m6__Gamma_9,0.0,0.16666666666666666,1,0.9982915485858429,0.9999999984151584,False,False,0.017642974853515625,,,0.000476837158203125,,
line_p1_m7__Gamma_4_5,line_p1_m7__Gamma_4_5,0.0,0.16666666666666666,2,0.9999989545009792,0.9999999931429784,False,False,0.04123194115354074,,,0.02728096191750869,,
line_p1_m7__Gamma_6,line_p1_m7__Gamma_6,0.0,0.16666666666666666,1,0.9999989545009792,0.9999999987846697,False,False,8.424997329711914,,,8.568286895751953,,
line_p1_m7__Gamma_7_8,line_p1_m7__Gamma_7_8,0.0,0.16666666666666666,2,0.9999989545009792,0.999999992710711,False,False,3.3022438543562243,,,3.304139041425426,,
line_p1_m7__Gamma_9,line_p1_m7__Gamma_9,0.0,0.16666666666666666,1,0.9999989545009792,0.9999999984151584,False,False,0.010251998901367188,,,0.014066696166992188,,
line_p1_m8__Gamma_4_5,line_p1_m8__Gamma_4_5,0.0,0.16666666666666666,2,0.9983211935698223,0.9999999931429784,False,False,0.028896882583857895,,,0.007313662362183555,,
line_p1_m8__Gamma_6,line_p1_m8__Gamma_6,0.0,0.16666666666666666,1,0.9983211935698223,0.9999999987846697,True,False,9.334087371826172,9.397670200893282,0.15476771763422992,9.562492370605469,,
line_p1_m8__Gamma_7_8,line_p1_m8__Gamma_7_8,0.0,0.16666666666666666,2,0.9983211935698223,0.999999992710711,False,False,2.692231061890356,,,2.6173023251412033,,
line_p1_m8__Gamma_9,line_p1_m8__Gamma_9,0.0,0.16666666666666666,1,0.9983211935698223,0.9999999984151584,False,False,0.013828277587890625,,,0.015497207641601562,,
line_p1_m9__Gamma_4_5,line_p1_m9__Gamma_4_5,0.0,0.16666666666666666,2,0.9999215876902179,0.9999999931429784,False,False,0.02295018778058792,,,0.014574767795160221,,
line_p1_m9__Gamma_6,line_p1_m9__Gamma_6,0.0,0.16666666666666666,1,0.9999215876902179,0.9999999987846697,True,True,13.441324234008789,13.50686209542483,0.3771100725445675,13.50259780883789,13.511330740791845,0.059478136958307504
line_p1_m9__Gamma_7_8,line_p1_m9__Gamma_7_8,0.0,0.16666666666666666,2,0.9999215876902179,0.999999992710711,False,False,0.6450625600169774,,,0.811461197808976,,
line_p1_m9__Gamma_9,line_p1_m9__Gamma_9,0.0,0.16666666666666666,1,0.9999215876902179,0.9999999984151584,False,False,0.0064373016357421875,,,0.04863739013671875,,
line_p2_m1__Gamma_4_5,line_p2_m1__Gamma_4_5,0.16666666666666666,0.16666666666666666,2,0.9997922822250608,0.9999999931429784,False,False,0.04415960062589878,,,0.004978326086478495,,
line_p2_m1__Gamma_6,line_p2_m1__Gamma_6,0.16666666666666666,0.16666666666666666,1,0.9997922822250608,0.9999999987846697,False,False,0.7982254028320312,,,0.5960464477539062,,
line_p2_m1__Gamma_7_8,line_p2_m1__Gamma_7_8,0.16666666666666666,0.16666666666666666,2,0.9997922822250608,0.999999992710711,False,False,0.12667455307620082,,,0.19710526951784457,,
line_p2_m1__Gamma_9,line_p2_m1__Gamma_9,0.16666666666666666,0.16666666666666666,1,0.9997922822250608,0.9999999984151584,False,False,0.020742416381835938,,,0.009059906005859375,,
line_p2_m2__Gamma_4_5,line_p2_m2__Gamma_4_5,0.16666666666666666,0.16666666666666666,2,0.9945506393308697,0.9999999931429784,False,False,0.045659492223840976,,,0.014588411846903186,,
line_p2_m2__Gamma_6,line_p2_m2__Gamma_6,0.16666666666666666,0.16666666666666666,1,0.9945506393308697,0.9999999987846697,False,False,0.1766681671142578,,,0.11706352233886719,,
line_p2_m2__Gamma_7_8,line_p2_m2__Gamma_7_8,0.16666666666666666,0.16666666666666666,2,0.9945506393308697,0.999999992710711,False,False,0.16982918720303045,,,0.12222899985482466,,
line_p2_m2__Gamma_9,line_p2_m2__Gamma_9,0.16666666666666666,0.16666666666666666,1,0.9945506393308697,0.9999999984151584,False,False,0.008344650268554688,,,0.003337860107421875,,
line_p2_m3__Gamma_4_5,line_p2_m3__Gamma_4_5,0.16666666666666666,0.16666666666666666,2,0.9943146813405791,0.9999999931429784,False,False,0.05313258467553757,,,0.015146618055599777,,
line_p2_m3__Gamma_6,line_p2_m3__Gamma_6,0.16666666666666666,0.16666666666666666,1,0.9943146813405791,0.9999999987846697,False,False,0.2181529998779297,,,0.35190582275390625,,
line_p2_m3__Gamma_7_8,line_p2_m3__Gamma_7_8,0.16666666666666666,0.16666666666666666,2,0.9943146813405791,0.999999992710711,False,False,0.33091133169200726,,,0.39393401911855275,,
line_p2_m3__Gamma_9,line_p2_m3__Gamma_9,0.16666666666666666,0.16666666666666666,1,0.9943146813405791,0.9999999984151584,False,False,0.0035762786865234375,,,0.03886222839355469,,
line_p2_m4__Gamma_4_5,line_p2_m4__Gamma_4_5,0.16666666666666666,0.16666666666666666,2,0.9982501230754035,0.9999999931429784,False,False,0.02030341039280297,,,0.022540330028149588,,
line_p2_m4__Gamma_6,line_p2_m4__Gamma_6,0.16666666666666666,0.16666666666666666,1,0.9982501230754035,0.9999999987846697,False,False,2.895832061767578,,,3.021717071533203,,
line_p2_m4__Gamma_7_8,line_p2_m4__Gamma_7_8,0.16666666666666666,0.16666666666666666,2,0.9982501230754035,0.999999992710711,False,False,1.792604862794849,,,1.3770048477358472,,
line_p2_m4__Gamma_9,line_p2_m4__Gamma_9,0.16666666666666666,0.16666666666666666,1,0.9982501230754035,0.9999999984151584,False,False,0.0026226043701171875,,,0.023126602172851562,,
line_p2_m5__Gamma_4_5,line_p2_m5__Gamma_4_5,0.16666666666666666,0.16666666666666666,2,0.998504676533752,0.9999999931429784,False,False,0.05731971397481588,,,0.02441201350435296,,
line_p2_m5__Gamma_6,line_p2_m5__Gamma_6,0.16666666666666666,0.16666666666666666,1,0.998504676533752,0.9999999987846697,False,False,3.9424896240234375,,,3.9987564086914062,,
line_p2_m5__Gamma_7_8,line_p2_m5__Gamma_7_8,0.16666666666666666,0.16666666666666666,2,0.998504676533752,0.999999992710711,False,False,2.293392778412274,,,2.1460297874224312,,
line_p2_m5__Gamma_9,line_p2_m5__Gamma_9,0.16666666666666666,0.16666666666666666,1,0.998504676533752,0.9999999984151584,False,False,0.013589859008789062,,,0.0,,
line_p2_m6__Gamma_4_5,line_p2_m6__Gamma_4_5,0.16666666666666666,0.16666666666666666,2,0.997188591938813,0.9999999931429784,False,False,0.028420854702349854,,,0.0017192608239479015,,
line_p2_m6__Gamma_6,line_p2_m6__Gamma_6,0.16666666666666666,0.16666666666666666,1,0.997188591938813,0.9999999987846697,False,False,4.5299530029296875,,,4.592418670654297,,
line_p2_m6__Gamma_7_8,line_p2_m6__Gamma_7_8,0.16666666666666666,0.16666666666666666,2,0.997188591938813,0.999999992710711,False,False,1.0202354728580472,,,1.1122828750425782,,
line_p2_m6__Gamma_9,line_p2_m6__Gamma_9,0.16666666666666666,0.16666666666666666,1,0.997188591938813,0.9999999984151584,False,False,0.0095367431640625,,,0.007152557373046875,,
line_p2_m9__Gamma_4_5,line_p2_m9__Gamma_4_5,0.16666666666666666,0.16666666666666666,2,0.9996341819729946,0.9999999931429784,False,False,0.03256923455289575,,,0.019264752314582596,,
line_p2_m9__Gamma_6,line_p2_m9__Gamma_6,0.16666666666666666,0.16666666666666666,1,0.9996341819729946,0.9999999987846697,True,True,12.235403060913086,12.301090785435829,0.19649583466208043,12.397289276123047,12.396785191126622,0.17750019929843597
line_p2_m9__Gamma_7_8,line_p2_m9__Gamma_7_8,0.16666666666666666,0.16666666666666666,2,0.9996341819729946,0.999999992710711,False,False,1.2851776532365677,,,1.5799260974868836,,
line_p2_m9__Gamma_9,line_p2_m9__Gamma_9,0.16666666666666666,0.16666666666666666,1,0.9996341819729946,0.9999999984151584,False,False,0.0019073486328125,,,0.02384185791015625,,
line_p3_m3__Gamma_4_5,line_p3_m3__Gamma_4_5,0.16666666666666666,0.3333333333333333,2,0.9600636282466887,0.9999999931429784,False,False,0.03693949471437984,,,0.012273347545846702,,
line_p3_m3__Gamma_6,line_p3_m3__Gamma_6,0.16666666666666666,0.3333333333333333,1,0.9600636282466887,0.9999999987846697,False,False,0.6182193756103516,,,0.8404254913330078,,
line_p3_m3__Gamma_7_8,line_p3_m3__Gamma_7_8,0.16666666666666666,0.3333333333333333,2,0.9600636282466887,0.999999992710711,False,False,0.212834490837782,,,0.1023393525565069,,
line_p3_m3__Gamma_9,line_p3_m3__Gamma_9,0.16666666666666666,0.3333333333333333,1,0.9600636282466887,0.9999999984151584,False,False,0.0073909759521484375,,,0.01049041748046875,,
line_p3_m4__Gamma_4_5,line_p3_m4__Gamma_4_5,0.16666666666666666,0.3333333333333333,2,0.996383002201199,0.9999999931429784,False,False,0.019904738869420815,,,0.010315564943687409,,
line_p3_m4__Gamma_6,line_p3_m4__Gamma_6,0.16666666666666666,0.3333333333333333,1,0.996383002201199,0.9999999987846697,False,False,2.9783248901367188,,,3.1251907348632812,,
line_p3_m4__Gamma_7_8,line_p3_m4__Gamma_7_8,0.16666666666666666,0.3333333333333333,2,0.996383002201199,0.999999992710711,False,False,2.4762616179840196,,,2.6130269475540997,,
line_p3_m4__Gamma_9,line_p3_m4__Gamma_9,0.16666666666666666,0.3333333333333333,1,0.996383002201199,0.9999999984151584,False,False,0.012636184692382812,,,0.003337860107421875,,
line_p3_m5__Gamma_4_5,line_p3_m5__Gamma_4_5,0.16666666666666666,0.3333333333333333,2,0.9959132367856237,0.9999999931429784,False,False,0.029413548494894286,,,0.007539457464619587,,
line_p3_m5__Gamma_6,line_p3_m5__Gamma_6,0.16666666666666666,0.3333333333333333,1,0.9959132367856237,0.9999999987846697,False,False,3.8771629333496094,,,3.902435302734375,,
line_p3_m5__Gamma_7_8,line_p3_m5__Gamma_7_8,0.16666666666666666,0.3333333333333333,2,0.9959132367856237,0.999999992710711,False,False,3.24778374940733,,,3.5461027685902273,,
line_p3_m5__Gamma_9,line_p3_m5__Gamma_9,0.16666666666666666,0.3333333333333333,1,0.9959132367856237,0.9999999984151584,False,False,0.012874603271484375,,,0.025272369384765625,,
line_p3_m6__Gamma_4_5,line_p3_m6__Gamma_4_5,0.16666666666666666,0.3333333333333333,2,0.9966484568598043,0.9999999931429784,False,False,0.04720447033220131,,,0.02648485961341632,,
line_p3_m6__Gamma_6,line_p3_m6__Gamma_6,0.16666666666666666,0.3333333333333333,1,0.9966484568598043,0.9999999987846697,False,False,2.9151439666748047,,,3.1058788299560547,,
line_p3_m6__Gamma_7_8,line_p3_m6__Gamma_7_8,0.16666666666666666,0.3333333333333333,2,0.9966484568598043,0.999999992710711,False,False,1.5547526902587403,,,1.4979372005103824,,
line_p3_m6__Gamma_9,line_p3_m6__Gamma_9,0.16666666666666666,0.3333333333333333,1,0.9966484568598043,0.9999999984151584,False,False,0.009775161743164062,,,0.006198883056640625,,
line_p3_m9__Gamma_4_5,line_p3_m9__Gamma_4_5,0.16666666666666666,0.3333333333333333,2,0.998814011198671,0.9999999931429784,False,False,0.0732224563257084,,,0.03149472430616118,,
line_p3_m9__Gamma_6,line_p3_m9__Gamma_6,0.16666666666666666,0.3333333333333333,1,0.998814011198671,0.9999999987846697,True,True,11.14964485168457,11.215482439314096,0.09295405173820326,11.274576187133789,11.269814627510604,0.09746940768495804
line_p3_m9__Gamma_7_8,line_p3_m9__Gamma_7_8,0.16666666666666666,0.3333333333333333,2,0.998814011198671,0.999999992710711,False,False,1.7935146283599852,,,2.154014803711136,,
line_p3_m9__Gamma_9,line_p3_m9__Gamma_9,0.16666666666666666,0.3333333333333333,1,0.998814011198671,0.9999999984151584,False,False,0.030755996704101562,,,0.011205673217773438,,
K_p4_m1__Gamma_4_5,K_p4_m2__Gamma_4_5,0.3333333333333333,0.3333333333333333,2,0.999776947894994,0.9999999931429784,False,False,0.009775161743164062,,,0.022544112491612627,,
K_p4_m1__Gamma_6,K_p4_m2__Gamma_6,0.3333333333333333,0.3333333333333333,1,0.999776947894994,0.9999999987846697,False,False,2.4154186248779297,,,2.4862289428710938,,
K_p4_m1__Gamma_7_8,K_p4_m2__Gamma_7_8,0.3333333333333333,0.3333333333333333,2,0.999776947894994,0.999999992710711,False,False,0.027682234910905455,,,0.022089452403832376,,
K_p4_m1__Gamma_9,K_p4_m2__Gamma_9,0.3333333333333333,0.3333333333333333,1,0.999776947894994,0.9999999984151584,False,False,0.0,,,0.0064373016357421875,,
K_p4_m2__Gamma_4_5,K_p4_m1__Gamma_4_5,0.3333333333333333,0.3333333333333333,2,0.9984377869463816,0.9999999931429784,False,False,0.015990049969775405,,,0.022829746111920488,,
K_p4_m2__Gamma_6,K_p4_m1__Gamma_6,0.3333333333333333,0.3333333333333333,1,0.9984377869463816,0.9999999987846697,False,False,3.002643585205078,,,2.9473304748535156,,
K_p4_m2__Gamma_7_8,K_p4_m1__Gamma_7_8,0.3333333333333333,0.3333333333333333,2,0.9984377869463816,0.999999992710711,False,False,0.03473063990522412,,,0.015728399755926745,,
K_p4_m2__Gamma_9,K_p4_m1__Gamma_9,0.3333333333333333,0.3333333333333333,1,0.9984377869463816,0.9999999984151584,False,False,0.005245208740234375,,,0.008106231689453125,,
K_p4_m3__Gamma_4_5,K_p4_m3__Gamma_4_5,0.3333333333333333,0.3333333333333333,2,0.999990697746629,0.9999999931429784,False,False,0.010990553447357282,,,0.024515412858349402,,
K_p4_m3__Gamma_6,K_p4_m3__Gamma_6,0.3333333333333333,0.3333333333333333,1,0.999990697746629,0.9999999987846697,False,False,1.7211437225341797,,,1.7101764678955078,,
K_p4_m3__Gamma_7_8,K_p4_m3__Gamma_7_8,0.3333333333333333,0.3333333333333333,2,0.999990697746629,0.999999992710711,False,False,0.03838613165858036,,,0.021882617770354777,,
K_p4_m3__Gamma_9,K_p4_m3__Gamma_9,0.3333333333333333,0.3333333333333333,1,0.999990697746629,0.9999999984151584,False,False,0.003814697265625,,,0.013589859008789062,,
K_p4_m4__Gamma_4_5,K_p4_m4__Gamma_4_5,0.3333333333333333,0.3333333333333333,2,0.9999997339934091,0.9999999931429784,False,False,0.008429369702178807,,,0.020819007392612672,,
K_p4_m4__Gamma_6,K_p4_m4__Gamma_6,0.3333333333333333,0.3333333333333333,1,0.9999997339934091,0.9999999987846697,True,True,9.843587875366211,9.843553815569456,0.17002650669653563,9.828329086303711,9.829711914062214,0.21891691246810063
K_p4_m4__Gamma_7_8,K_p4_m4__Gamma_7_8,0.3333333333333333,0.3333333333333333,2,0.9999997339934091,0.999999992710711,False,False,0.006650126305094411,,,0.03137718940040989,,
K_p4_m4__Gamma_9,K_p4_m4__Gamma_9,0.3333333333333333,0.3333333333333333,1,0.9999997339934091,0.9999999984151584,False,False,0.01621246337890625,,,0.012636184692382812,,
K_p4_m8__Gamma_4_5,K_p4_m9__Gamma_4_5,0.3333333333333333,0.3333333333333333,2,0.9984377673375144,0.9999999931429784,False,False,0.012273347545846702,,,0.03320444175444352,,
K_p4_m8__Gamma_6,K_p4_m9__Gamma_6,0.3333333333333333,0.3333333333333333,1,0.9984377673375144,0.9999999987846697,True,True,21.577835083007812,21.582794189453534,0.6673384685909334,21.474599838256836,21.480614798409114,0.6569064393336932
K_p4_m8__Gamma_7_8,K_p4_m9__Gamma_7_8,0.3333333333333333,0.3333333333333333,2,0.9984377673375144,0.999999992710711,False,False,0.027665802626361303,,,0.04118780150095359,,
K_p4_m8__Gamma_9,K_p4_m9__Gamma_9,0.3333333333333333,0.3333333333333333,1,0.9984377673375144,0.9999999984151584,False,False,0.0059604644775390625,,,0.0011920928955078125,,
line_p5_m1__Gamma_4_5,line_p5_m1__Gamma_4_5,0.3333333333333333,0.6666666666666666,2,0.9999645234118412,0.9999999931429784,False,False,0.01337058533936496,,,0.0259657426450322,,
line_p5_m1__Gamma_6,line_p5_m1__Gamma_6,0.3333333333333333,0.6666666666666666,1,0.9999645234118412,0.9999999987846697,False,False,0.5917549133300781,,,0.5609989166259766,,
line_p5_m1__Gamma_7_8,line_p5_m1__Gamma_7_8,0.3333333333333333,0.6666666666666666,2,0.9999645234118412,0.999999992710711,False,False,1.3827115248467134,,,1.3892936196246874,,
line_p5_m1__Gamma_9,line_p5_m1__Gamma_9,0.3333333333333333,0.6666666666666666,1,0.9999645234118412,0.9999999984151584,False,False,0.0054836273193359375,,,0.010728836059570312,,
line_p5_m2__Gamma_4_5,line_p5_m2__Gamma_4_5,0.3333333333333333,0.6666666666666666,2,0.999865349610667,0.9999999931429784,False,False,0.008901669837281452,,,0.030880498616585116,,
line_p5_m2__Gamma_6,line_p5_m2__Gamma_6,0.3333333333333333,0.6666666666666666,1,0.999865349610667,0.9999999987846697,False,False,1.2650489807128906,,,1.222848892211914,,
line_p5_m2__Gamma_7_8,line_p5_m2__Gamma_7_8,0.3333333333333333,0.6666666666666666,2,0.999865349610667,0.999999992710711,False,False,0.2697277129785986,,,0.33039000303699695,,
line_p5_m2__Gamma_9,line_p5_m2__Gamma_9,0.3333333333333333,0.6666666666666666,1,0.999865349610667,0.9999999984151584,False,False,0.00667572021484375,,,0.0035762786865234375,,
line_p5_m3__Gamma_4_5,line_p5_m3__Gamma_4_5,0.3333333333333333,0.6666666666666666,2,0.9935786864666979,0.9999999931429784,False,False,0.011839589136061798,,,0.01787026376861907,,
line_p5_m3__Gamma_6,line_p5_m3__Gamma_6,0.3333333333333333,0.6666666666666666,1,0.9935786864666979,0.9999999987846697,False,False,1.384735107421875,,,1.1258125305175781,,
line_p5_m3__Gamma_7_8,line_p5_m3__Gamma_7_8,0.3333333333333333,0.6666666666666666,2,0.9935786864666979,0.999999992710711,False,False,0.4772526004150721,,,0.38193510397912966,,
line_p5_m3__Gamma_9,line_p5_m3__Gamma_9,0.3333333333333333,0.6666666666666666,1,0.9935786864666979,0.9999999984151584,False,False,0.00286102294921875,,,0.008344650268554688,,
line_p5_m4__Gamma_4_5,line_p5_m4__Gamma_4_5,0.3333333333333333,0.6666666666666666,2,0.9999999726157649,0.9999999931429784,False,False,0.01673182111694598,,,0.016310340286719387,,
line_p5_m4__Gamma_6,line_p5_m4__Gamma_6,0.3333333333333333,0.6666666666666666,1,0.9999999726157649,0.9999999987846697,False,False,5.916833877563477,,,5.920648574829102,,
line_p5_m4__Gamma_7_8,line_p5_m4__Gamma_7_8,0.3333333333333333,0.6666666666666666,2,0.9999999726157649,0.999999992710711,False,False,5.179475813408885,,,5.169508365917284,,
line_p5_m4__Gamma_9,line_p5_m4__Gamma_9,0.3333333333333333,0.6666666666666666,1,0.9999999726157649,0.9999999984151584,False,False,0.0059604644775390625,,,0.003337860107421875,,
line_p5_m5__Gamma_4_5,line_p5_m5__Gamma_4_5,0.3333333333333333,0.6666666666666666,2,0.9994871595616304,0.9999999931429784,False,False,0.014354699347963686,,,0.027152516322151064,,
line_p5_m5__Gamma_6,line_p5_m5__Gamma_6,0.3333333333333333,0.6666666666666666,1,0.9994871595616304,0.9999999987846697,False,False,7.833003997802734,,,7.79414176940918,,
line_p5_m5__Gamma_7_8,line_p5_m5__Gamma_7_8,0.3333333333333333,0.6666666666666666,2,0.9994871595616304,0.999999992710711,False,False,7.652782047160704,,,8.333191388135184,,
line_p5_m5__Gamma_9,line_p5_m5__Gamma_9,0.3333333333333333,0.6666666666666666,1,0.9994871595616304,0.9999999984151584,False,False,0.00286102294921875,,,0.006198883056640625,,
line_p5_m6__Gamma_4_5,line_p5_m6__Gamma_4_5,0.3333333333333333,0.6666666666666666,2,0.9939925640388791,0.9999999931429784,False,False,0.010386953788181288,,,0.02419801763957501,,
line_p5_m6__Gamma_6,line_p5_m6__Gamma_6,0.3333333333333333,0.6666666666666666,1,0.9939925640388791,0.9999999987846697,False,False,8.353710174560547,,,8.232355117797852,,
line_p5_m6__Gamma_7_8,line_p5_m6__Gamma_7_8,0.3333333333333333,0.6666666666666666,2,0.9939925640388791,0.999999992710711,False,False,3.6815965499076837,,,3.7450331718388843,,
line_p5_m6__Gamma_9,line_p5_m6__Gamma_9,0.3333333333333333,0.6666666666666666,1,0.9939925640388791,0.9999999984151584,False,False,0.0019073486328125,,,0.0016689300537109375,,
line_p5_m7__Gamma_4_5,line_p5_m7__Gamma_4_5,0.3333333333333333,0.6666666666666666,2,0.9999866615985679,0.9999999931429784,False,False,0.017508756606804995,,,0.018937400286017026,,
line_p5_m7__Gamma_6,line_p5_m7__Gamma_6,0.3333333333333333,0.6666666666666666,1,0.9999866615985679,0.9999999987846697,True,True,16.675233840942383,16.67970929827046,1.101746851084301,16.640901565551758,16.639763968331017,1.0377533581792941
line_p5_m7__Gamma_7_8,line_p5_m7__Gamma_7_8,0.3333333333333333,0.6666666666666666,2,0.9999866615985679,0.999999992710711,False,False,8.309085178622986,,,8.273957554809913,,
line_p5_m7__Gamma_9,line_p5_m7__Gamma_9,0.3333333333333333,0.6666666666666666,1,0.9999866615985679,0.9999999984151584,False,False,0.005245208740234375,,,0.00667572021484375,,
line_p5_m8__Gamma_4_5,line_p5_m8__Gamma_4_5,0.3333333333333333,0.6666666666666666,2,0.99600229768333,0.9999999931429784,False,False,0.011689806625491394,,,0.021480177627132852,,
line_p5_m8__Gamma_6,line_p5_m8__Gamma_6,0.3333333333333333,0.6666666666666666,1,0.99600229768333,0.9999999987846697,True,True,19.803524017333984,19.821766444615427,1.5017451072226184,20.19190788269043,20.207050868442508,1.51824951171875
line_p5_m8__Gamma_7_8,line_p5_m8__Gamma_7_8,0.3333333333333333,0.6666666666666666,2,0.99600229768333,0.999999992710711,False,False,6.579621631146819,,,6.441330223115864,,
line_p5_m8__Gamma_9,line_p5_m8__Gamma_9,0.3333333333333333,0.6666666666666666,1,0.99600229768333,0.9999999984151584,False,False,0.007152557373046875,,,0.0040531158447265625,,
line_p5_m9__Gamma_4_5,line_p5_m9__Gamma_4_5,0.3333333333333333,0.6666666666666666,2,0.9994394552918034,0.9999999931429784,False,False,0.012149994188538463,,,0.023012024902369792,,
line_p5_m9__Gamma_6,line_p5_m9__Gamma_6,0.3333333333333333,0.6666666666666666,1,0.9994394552918034,0.9999999987846697,True,True,24.152040481567383,24.161529541016176,0.7498604910715634,24.100065231323242,24.101039341517318,0.7744613958865776
line_p5_m9__Gamma_7_8,line_p5_m9__Gamma_7_8,0.3333333333333333,0.6666666666666666,2,0.9994394552918034,0.999999992710711,False,False,4.551623860477526,,,5.132182722316916,,
line_p5_m9__Gamma_9,line_p5_m9__Gamma_9,0.3333333333333333,0.6666666666666666,1,0.9994394552918034,0.9999999984151584,False,False,0.004291534423828125,,,0.01811981201171875,,
M_p6_m1__Gamma_4_5,M_p6_m1__Gamma_4_5,0.5,0.0,2,0.99987810351042,0.9999999931429784,False,False,0.006036276293359834,,,0.000476837158203125,,
M_p6_m1__Gamma_6,M_p6_m1__Gamma_6,0.5,0.0,1,0.99987810351042,0.9999999987846697,False,False,1.4469623565673828,,,1.386404037475586,,
M_p6_m1__Gamma_7_8,M_p6_m1__Gamma_7_8,0.5,0.0,2,0.99987810351042,0.999999992710711,False,False,2.6001528424296407,,,2.635466894981738,,
M_p6_m1__Gamma_9,M_p6_m1__Gamma_9,0.5,0.0,1,0.99987810351042,0.9999999984151584,False,False,0.0026226043701171875,,,0.003814697265625,,
M_p6_m2__Gamma_4_5,M_p6_m2__Gamma_4_5,0.5,0.0,2,0.9998246123504512,0.9999999931429784,False,False,0.007172398069615995,,,0.007076655425861278,,
M_p6_m2__Gamma_6,M_p6_m2__Gamma_6,0.5,0.0,1,0.9998246123504512,0.9999999987846697,False,False,2.290487289428711,,,2.2034645080566406,,
M_p6_m2__Gamma_7_8,M_p6_m2__Gamma_7_8,0.5,0.0,2,0.9998246123504512,0.999999992710711,False,False,0.7535659637306572,,,0.7998129963916278,,
M_p6_m2__Gamma_9,M_p6_m2__Gamma_9,0.5,0.0,1,0.9998246123504512,0.9999999984151584,False,False,0.000476837158203125,,,0.00667572021484375,,
M_p6_m3__Gamma_4_5,M_p6_m3__Gamma_4_5,0.5,0.0,2,0.9903667979981677,0.9999999931429784,False,False,0.00438327224513298,,,0.004750456534664935,,
M_p6_m3__Gamma_6,M_p6_m3__Gamma_6,0.5,0.0,1,0.9903667979981677,0.9999999987846697,False,False,4.1751861572265625,,,3.1023025512695312,,
M_p6_m3__Gamma_7_8,M_p6_m3__Gamma_7_8,0.5,0.0,2,0.9903667979981677,0.999999992710711,False,False,1.4118627282876015,,,0.43320603336518676,,
M_p6_m3__Gamma_9,M_p6_m3__Gamma_9,0.5,0.0,1,0.9903667979981677,0.9999999984151584,False,False,0.0021457672119140625,,,0.0045299530029296875,,
M_p6_m4__Gamma_4_5,M_p6_m4__Gamma_4_5,0.5,0.0,2,0.999999978191278,0.9999999931429784,False,False,0.007188231197205227,,,0.004060122100335694,,
M_p6_m4__Gamma_6,M_p6_m4__Gamma_6,0.5,0.0,1,0.999999978191278,0.9999999987846697,False,False,8.672475814819336,,,8.645296096801758,,
M_p6_m4__Gamma_7_8,M_p6_m4__Gamma_7_8,0.5,0.0,2,0.999999978191278,0.999999992710711,False,False,7.126882570227495,,,7.13703009122951,,
M_p6_m4__Gamma_9,M_p6_m4__Gamma_9,0.5,0.0,1,0.999999978191278,0.9999999984151584,False,False,0.0021457672119140625,,,0.006198883056640625,,
M_p6_m5__Gamma_4_5,M_p6_m5__Gamma_4_5,0.5,0.0,2,0.9994347411927927,0.9999999931429784,False,False,0.0007539457464619588,,,0.013328003749250111,,
M_p6_m5__Gamma_6,M_p6_m5__Gamma_6,0.5,0.0,1,0.9994347411927927,0.9999999987846697,True,True,11.513710021972656,11.51411873953708,0.24118228834510425,11.355400085449219,11.347634451729622,0.2556625677615082
M_p6_m5__Gamma_7_8,M_p6_m5__Gamma_7_8,0.5,0.0,2,0.9994347411927927,0.999999992710711,True,True,12.69146299524023,12.683518259115838,3.6227167869103125,13.723374742696087,13.716844711895305,3.596870266661431
M_p6_m5__Gamma_9,M_p6_m5__Gamma_9,0.5,0.0,1,0.9994347411927927,0.9999999984151584,False,False,0.005245208740234375,,,0.002384185791015625,,
M_p6_m6__Gamma_4_5,M_p6_m6__Gamma_4_5,0.5,0.0,2,0.9953358177880631,0.9999999931429784,False,False,0.004479478413595184,,,0.00877302622460084,,
M_p6_m6__Gamma_6,M_p6_m6__Gamma_6,0.5,0.0,1,0.9953358177880631,0.9999999987846697,False,False,8.852481842041016,,,9.268999099731445,,
M_p6_m6__Gamma_7_8,M_p6_m6__Gamma_7_8,0.5,0.0,2,0.9953358177880631,0.999999992710711,False,False,7.4494225975400425,,,6.7096182882011535,,
M_p6_m6__Gamma_9,M_p6_m6__Gamma_9,0.5,0.0,1,0.9953358177880631,0.9999999984151584,False,False,0.004291534423828125,,,0.003337860107421875,,
M_p6_m7__Gamma_4_5,M_p6_m7__Gamma_4_5,0.5,0.0,2,0.9998781141514613,0.9999999931429784,False,False,0.0022492363767758856,,,0.005565937771763206,,
M_p6_m7__Gamma_6,M_p6_m7__Gamma_6,0.5,0.0,1,0.9998781141514613,0.9999999987846697,True,True,24.965763092041016,24.952152797154344,2.3657351124045656,24.840116500854492,24.82408796037901,2.399366729113561
M_p6_m7__Gamma_7_8,M_p6_m7__Gamma_7_8,0.5,0.0,2,0.9998781141514613,0.999999992710711,True,True,13.790491513338374,13.795495164182105,-0.276682328204908,13.764147142644655,13.76405105931833,-0.23090596101701943
M_p6_m7__Gamma_9,M_p6_m7__Gamma_9,0.5,0.0,1,0.9998781141514613,0.9999999984151584,False,False,0.00476837158203125,,,0.0069141387939453125,,
M_p6_m8__Gamma_4_5,M_p6_m8__Gamma_4_5,0.5,0.0,2,0.9950125385838786,0.9999999931429784,False,False,0.005250624548326788,,,0.009025332084058618,,
M_p6_m8__Gamma_6,M_p6_m8__Gamma_6,0.5,0.0,1,0.9950125385838786,0.9999999987846697,True,True,30.51924705505371,30.562319074358783,3.1792776925223807,31.140565872192383,31.182588849748313,3.2175803671077583
M_p6_m8__Gamma_7_8,M_p6_m8__Gamma_7_8,0.5,0.0,2,0.9950125385838786,0.999999992710711,True,True,11.784244703038183,11.766932852454445,10.425334074059766,11.458085981000787,11.444936297651049,10.811319156568993
M_p6_m8__Gamma_9,M_p6_m8__Gamma_9,0.5,0.0,1,0.9950125385838786,0.9999999984151584,False,False,0.0007152557373046875,,,0.0095367431640625,,
M_p6_m9__Gamma_4_5,M_p6_m9__Gamma_4_5,0.5,0.0,2,0.9993667285370913,0.9999999931429784,False,False,0.006217195897295617,,,0.007688768146799612,,
M_p6_m9__Gamma_6,M_p6_m9__Gamma_6,0.5,0.0,1,0.9993667285370913,0.9999999987846697,True,True,34.210920333862305,34.19603620256746,1.6516860650511722,34.134864807128906,34.118870326450406,1.6152518136162974
M_p6_m9__Gamma_7_8,M_p6_m9__Gamma_7_8,0.5,0.0,2,0.9993667285370913,0.999999992710711,False,True,9.041552298700898,,,10.131565670816618,10.138326819305057,4.470513791454162
M_p6_m9__Gamma_9,M_p6_m9__Gamma_9,0.5,0.0,1,0.9993667285370913,0.9999999984151584,False,False,0.00095367431640625,,,0.0069141387939453125,,
