qx,qy,reference_mode,candidate_mode,reference_frequency_thz,candidate_frequency_thz,single_overlap_squared,subspace_dimension,subspace_minimum_overlap_squared,basis_dependent
0.0,0.0,1,3,-3.1682551419558503e-07,3.747398755183927e-07,0.9928976500361463,3,0.9999999999999987,True
0.0,0.0,2,2,-3.134603390881941e-07,2.0568576446083645e-07,0.9892976710313868,3,0.9999999999999987,True
0.0,0.0,3,1,5.532286409126702e-08,-1.469982726300972e-07,0.9955963563526281,3,0.9999999999999987,True
0.0,0.0,4,5,8.531381238395019,8.440705829293464,0.5582209934000026,2,0.9999624564672186,True
0.0,0.0,5,4,8.531416561317387,8.440663617614096,0.5582211122218682,2,0.9999624564672186,True
0.0,0.0,6,7,10.141611490106381,10.032180883909263,0.7830853121406784,2,0.9999624565609746,True
0.0,0.0,7,6,10.141766475549648,10.03199093245851,0.7830850526604322,2,0.9999624565609746,True
0.0,0.0,8,8,12.136574319637424,12.181908674355657,0.9999999900036045,1,0.9999999900036043,False
0.0,0.0,9,9,12.725352558950567,12.70196230226539,0.99999999050316,1,0.99999999050316,False
0.0,0.16666666666666666,1,1,1.1480729096933706,1.1374186907359407,0.9999494254177069,1,0.9999494254177067,False
0.0,0.16666666666666666,2,2,1.9890948181519468,1.9974495125957643,0.9999376776200571,1,0.9999376776200571,False
0.0,0.16666666666666666,3,3,3.0560469757083313,3.0418189370215614,0.9999874278417655,1,0.9999874278417658,False
0.0,0.16666666666666666,4,4,8.713200660571076,8.627975862145288,0.9999340806637128,1,0.9999340806637128,False
0.0,0.16666666666666666,5,5,9.163920031189049,9.101351710951999,0.9998766104800196,1,0.9998766104800196,False
0.0,0.16666666666666666,6,6,10.045560419816956,9.949361651013684,0.9998268853757557,1,0.9998268853757559,False
0.0,0.16666666666666666,7,7,10.148563532695974,10.08731458561737,0.9999302086132906,1,0.9999302086132902,False
0.0,0.16666666666666666,8,8,12.015996892757443,12.050140682113964,0.9999884788720631,1,0.9999884788720631,False
0.0,0.16666666666666666,9,9,12.126709621453639,12.077744669586837,0.9998872072110355,1,0.9998872072110355,False
0.0,0.3333333333333333,1,1,3.1481275999269487,3.1345277969502052,0.9972007991902353,1,0.9972007991902351,False
0.0,0.3333333333333333,2,2,3.3112764541004305,3.3204128764579925,0.9971020006587386,1,0.9971020006587386,False
0.0,0.3333333333333333,3,3,4.704221310954279,4.699567484235802,0.9999920332172393,1,0.9999920332172393,False
0.0,0.3333333333333333,4,4,9.03787154018941,8.93175780842381,0.9998441360134294,1,0.9998441360134296,False
0.0,0.3333333333333333,5,5,9.835096454299999,9.791201240792262,0.9994988065058291,1,0.9994988065058289,False
0.0,0.3333333333333333,6,6,10.083034298865606,10.048289240846637,0.9972746155892105,1,0.9972746155892105,False
0.0,0.3333333333333333,7,7,10.405042783044225,10.380018053682019,0.9995090443064609,1,0.9995090443064605,False
0.0,0.3333333333333333,8,8,10.88168853310681,10.841203153052051,0.9975987137632653,1,0.9975987137632655,False
0.0,0.3333333333333333,9,9,11.82345910669328,11.832991654800793,0.9995766842487988,1,0.9995766842487988,False
0.0,0.5,1,1,3.6849364168436862,3.6863711679471356,0.9997343129205802,1,0.9997343129205802,False
0.0,0.5,2,2,4.068539753045436,4.090455330907138,0.9999513280111322,1,0.9999513280111324,False
0.0,0.5,3,3,5.019111565478753,5.071427877967293,0.9998953774289,1,0.9998953774289002,False
0.0,0.5,4,4,9.188498648109915,9.062681268834941,0.9999048019303223,1,0.9999048019303225,False
0.0,0.5,5,5,9.727391104069325,9.73680771190507,0.9973438711791461,1,0.9973438711791459,False
0.0,0.5,6,6,10.077726081611907,10.01082110777954,0.9970051121710545,1,0.9970051121710545,False
0.0,0.5,7,7,10.645231910962572,10.646058247925158,0.9991606148533725,1,0.9991606148533727,False
0.0,0.5,8,8,10.694420312810871,10.649065287939154,0.9988706030843169,1,0.9988706030843166,False
0.0,0.5,9,9,11.712450129259038,11.73186098134942,0.9990318488659066,1,0.9990318488659068,False
0.0,0.6666666666666666,1,1,3.148127599926951,3.1345277969502097,0.9972007991902351,1,0.9972007991902351,False
0.0,0.6666666666666666,2,2,3.3112764541004305,3.320412876457993,0.9971020006587386,1,0.9971020006587386,False
0.0,0.6666666666666666,3,3,4.70422131095429,4.699567484235802,0.9999920332172384,1,0.9999920332172384,False
0.0,0.6666666666666666,4,4,9.037871540189412,8.931757808423809,0.9998441360134269,1,0.9998441360134269,False
0.0,0.6666666666666666,5,5,9.835096454299999,9.79120124079226,0.9994988065058296,1,0.9994988065058293,False
0.0,0.6666666666666666,6,6,10.083034298865606,10.048289240846637,0.9972746155892103,1,0.9972746155892103,False
0.0,0.6666666666666666,7,7,10.405042783044223,10.380018053682019,0.9995090443064605,1,0.9995090443064605,False
0.0,0.6666666666666666,8,8,10.881688533106809,10.841203153052051,0.9975987137632675,1,0.9975987137632675,False
0.0,0.6666666666666666,9,9,11.823459106693276,11.83299165480079,0.9995766842488001,1,0.9995766842488001,False
0.0,0.8333333333333334,1,1,1.148072909693397,1.1374186907359853,0.9999494254177083,1,0.999949425417708,False
0.0,0.8333333333333334,2,2,1.9890948181519503,1.997449512595759,0.9999376776200576,1,0.9999376776200574,False
0.0,0.8333333333333334,3,3,3.056046975708333,3.0418189370215734,0.9999874278417702,1,0.9999874278417702,False
0.0,0.8333333333333334,4,4,8.713200660571077,8.62797586214529,0.999934080663711,1,0.999934080663711,False
0.0,0.8333333333333334,5,5,9.163920031189045,9.101351710951997,0.9998766104800194,1,0.9998766104800192,False
0.0,0.8333333333333334,6,6,10.045560419816956,9.949361651013684,0.9998268853757566,1,0.9998268853757564,False
0.0,0.8333333333333334,7,7,10.148563532695972,10.08731458561737,0.9999302086132931,1,0.9999302086132931,False
0.0,0.8333333333333334,8,8,12.015996892757437,12.050140682113966,0.9999884788720627,1,0.9999884788720627,False
0.0,0.8333333333333334,9,9,12.126709621453633,12.077744669586835,0.999887207211034,1,0.999887207211034,False
0.16666666666666666,0.0,1,1,1.1480721748133784,1.1370752811981248,0.9999507174202203,1,0.9999507174202203,False
0.16666666666666666,0.0,2,2,1.9890821222098414,1.9973086965835514,0.9999390324327321,1,0.9999390324327321,False
0.16666666666666666,0.0,3,3,3.0560412519684506,3.0418475005427057,0.9999873008777024,1,0.9999873008777022,False
0.16666666666666666,0.0,4,4,8.71316840725847,8.628000779049326,0.9999338709518234,1,0.9999338709518236,False
0.16666666666666666,0.0,5,5,9.163918232898872,9.101356685573146,0.9998771856479918,1,0.9998771856479918,False
0.16666666666666666,0.0,6,6,10.045496025386266,9.949402823412044,0.9998267740398051,1,0.9998267740398056,False
0.16666666666666666,0.0,7,7,10.148576369005722,10.087274578269929,0.9999295901896217,1,0.9999295901896217,False
0.16666666666666666,0.0,8,8,12.016033745205084,12.05017342572066,0.9999875251752925,1,0.9999875251752925,False
0.16666666666666666,0.0,9,9,12.126706135484639,12.077766599278743,0.999885913883853,1,0.999885913883853,False
0.16666666666666666,0.16666666666666666,1,1,2.609658945220826,2.5877183167343913,0.9999807180289485,1,0.9999807180289481,False
0.16666666666666666,0.16666666666666666,2,2,3.3637731030535387,3.3817336912696083,0.9994606836117339,1,0.9994606836117335,False
0.16666666666666666,0.16666666666666666,3,3,4.264995765670735,4.248520168535748,0.9994659088399828,1,0.9994659088399828,False
0.16666666666666666,0.16666666666666666,4,4,9.060353708272219,8.98101158658586,0.9998297174703146,1,0.9998297174703146,False
0.16666666666666666,0.16666666666666666,5,5,9.828434684010572,9.789860436973058,0.9861560935539005,1,0.9861560935539005,False
0.16666666666666666,0.16666666666666666,6,6,9.962997990572168,9.883302088945108,0.9857231870331322,1,0.9857231870331327,False
0.16666666666666666,0.16666666666666666,7,7,10.227967869228854,10.222661122213735,0.9987704520289585,1,0.9987704520289588,False
0.16666666666666666,0.16666666666666666,8,8,11.182610007279658,11.129022154367766,0.9997690167796637,1,0.9997690167796637,False
0.16666666666666666,0.16666666666666666,9,9,11.847047070187754,11.85021090083541,0.9999125934101087,1,0.9999125934101085,False
0.16666666666666666,0.3333333333333333,1,1,3.921228338418123,3.935127644695875,0.9985032843794491,1,0.9985032843794494,False
0.16666666666666666,0.3333333333333333,2,2,4.085175394750662,4.130639456606706,0.9978255072843549,1,0.9978255072843549,False
0.16666666666666666,0.3333333333333333,3,3,4.8550340898301,4.8975740967083,0.9992418663171064,1,0.999241866317106,False
0.16666666666666666,0.3333333333333333,4,4,9.475849730635817,9.393891926236162,0.9974977534085375,1,0.9974977534085373,False
0.16666666666666666,0.3333333333333333,5,5,9.944053805822186,9.901511471014446,0.9959576609804954,1,0.9959576609804952,False
0.16666666666666666,0.3333333333333333,6,6,10.079249319348234,10.024528150765804,0.9952065615439446,1,0.995206561543945,False
0.16666666666666666,0.3333333333333333,7,7,10.469879802162074,10.446233633824804,0.9249910784946098,1,0.92499107849461,False
0.16666666666666666,0.3333333333333333,8,8,10.485797248059804,10.473226277033254,0.9248352188895207,1,0.9248352188895207,False
0.16666666666666666,0.3333333333333333,9,9,11.609188233451054,11.575641193511405,0.9992223061221147,1,0.9992223061221149,False
0.16666666666666666,0.5,1,1,3.9212350572336385,3.9351404919536495,0.9984818363939036,1,0.9984818363939036,False
0.16666666666666666,0.5,2,2,4.085182671302287,4.130651019393836,0.9978074170764903,1,0.9978074170764903,False
0.16666666666666666,0.5,3,3,4.8549918724207135,4.897593024909367,0.9992453633898052,1,0.9992453633898052,False
0.16666666666666666,0.5,4,4,9.475833995122313,9.39385517614725,0.9974957324090619,1,0.9974957324090621,False
0.16666666666666666,0.5,5,5,9.944062723547615,9.901499965002946,0.9959496347031415,1,0.9959496347031417,False
0.16666666666666666,0.5,6,6,10.07923591659761,10.024574393454763,0.995214294546935,1,0.9952142945469348,False
0.16666666666666666,0.5,7,7,10.469957565236124,10.446293372018468,0.9245684164353245,1,0.9245684164353244,False
0.16666666666666666,0.5,8,8,10.485868509638024,10.473279208205755,0.924416030488967,1,0.9244160304889673,False
0.16666666666666666,0.5,9,9,11.60919846094232,11.575635802872759,0.9992220971373589,1,0.9992220971373589,False
0.16666666666666666,0.6666666666666666,1,1,2.6096880040803727,2.5877292446193567,0.9999805007619667,1,0.9999805007619669,False
0.16666666666666666,0.6666666666666666,2,2,3.3637922991726823,3.3818488705206837,0.9994593856499122,1,0.9994593856499122,False
0.16666666666666666,0.6666666666666666,3,3,4.264907211399966,4.248353445418178,0.9994648186083368,1,0.999464818608337,False
0.16666666666666666,0.6666666666666666,4,4,9.06034793085011,8.98096760723497,0.9998290758345459,1,0.9998290758345462,False
0.16666666666666666,0.6666666666666666,5,5,9.828532905730379,9.789985764663856,0.9860912108563723,1,0.9860912108563725,False
0.16666666666666666,0.6666666666666666,6,6,9.963060513040348,9.883329477111287,0.9856575805983523,1,0.9856575805983525,False
0.16666666666666666,0.6666666666666666,7,7,10.228069401896375,10.222769343734974,0.9987718471736862,1,0.9987718471736864,False
0.16666666666666666,0.6666666666666666,8,8,11.18260228232759,11.129016488864108,0.9997690802031602,1,0.9997690802031602,False
0.16666666666666666,0.6666666666666666,9,9,11.847061629484221,11.850180174303997,0.9999127779677504,1,0.9999127779677506,False
0.16666666666666666,0.8333333333333334,1,1,1.1480636036295737,1.1370882021053645,0.9999515203774436,1,0.9999515203774438,False
0.16666666666666666,0.8333333333333334,2,2,1.989274258307917,1.9974146117835099,0.9999397900231196,1,0.9999397900231194,False
0.16666666666666666,0.8333333333333334,3,3,3.05602238988804,3.041812188860878,0.9999873354448084,1,0.9999873354448084,False
0.16666666666666666,0.8333333333333334,4,4,8.713187293475949,8.628046986076543,0.9999343341808525,1,0.9999343341808525,False
0.16666666666666666,0.8333333333333334,5,5,9.163929348935937,9.101371317536195,0.9998768339570143,1,0.9998768339570141,False
0.16666666666666666,0.8333333333333334,6,6,10.045627544795177,9.94947056187467,0.9998267689984827,1,0.9998267689984829,False
0.16666666666666666,0.8333333333333334,7,7,10.148578143045551,10.087274427351952,0.9999301204445992,1,0.9999301204445992,False
0.16666666666666666,0.8333333333333334,8,8,12.016016733827106,12.050210057351658,0.9999882406985209,1,0.9999882406985211,False
0.16666666666666666,0.8333333333333334,9,9,12.126703059251959,12.077745779649433,0.9998866997832417,1,0.9998866997832417,False
0.3333333333333333,0.0,1,1,3.1481358288060273,3.1344957816444867,0.9972273996072918,1,0.9972273996072918,False
0.3333333333333333,0.0,2,2,3.3112122989415123,3.320246033976432,0.9971288176372641,1,0.9971288176372641,False
0.3333333333333333,0.0,3,3,4.704348731737659,4.6995883677146,0.9999920135035101,1,0.9999920135035103,False
0.3333333333333333,0.0,4,4,9.03786274072667,8.931737144253399,0.9998445053618844,1,0.9998445053618844,False
0.3333333333333333,0.0,5,5,9.835088621809518,9.79121336517693,0.9995037140279147,1,0.9995037140279147,False
0.3333333333333333,0.0,6,6,10.083073804358083,10.048278302599005,0.9972808399158792,1,0.9972808399158792,False
0.3333333333333333,0.0,7,7,10.405025324001363,10.38003582214849,0.9995085536948083,1,0.9995085536948081,False
0.3333333333333333,0.0,8,8,10.881678418230496,10.841230771853388,0.9975998460272526,1,0.9975998460272524,False
0.3333333333333333,0.0,9,9,11.823460557896386,11.832979635239603,0.9995762454346784,1,0.9995762454346784,False
0.3333333333333333,0.16666666666666666,1,1,3.9212077111061254,3.935191434332108,0.998485228018627,1,0.998485228018627,False
0.3333333333333333,0.16666666666666666,2,2,4.085174626638505,4.130678692919822,0.9978153229531237,1,0.9978153229531235,False
0.3333333333333333,0.16666666666666666,3,3,4.855043085653154,4.897566721330014,0.9992497760645711,1,0.9992497760645711,False
0.3333333333333333,0.16666666666666666,4,4,9.475857375085317,9.393890728305166,0.9974938417744815,1,0.9974938417744815,False
0.3333333333333333,0.16666666666666666,5,5,9.944024118486677,9.901501346796104,0.9959513520514917,1,0.9959513520514914,False
0.3333333333333333,0.16666666666666666,6,6,10.07923362101477,10.024501923007877,0.99519268030499,1,0.9951926803049895,False
0.3333333333333333,0.16666666666666666,7,7,10.46989090015936,10.446195436096174,0.9242705446867464,1,0.9242705446867466,False
0.3333333333333333,0.16666666666666666,8,8,10.485786353235959,10.473231732556421,0.9241014031672035,1,0.9241014031672034,False
0.3333333333333333,0.16666666666666666,9,9,11.609226546450616,11.575611878081288,0.9992224629072163,1,0.9992224629072165,False
0.3333333333333333,0.3333333333333333,1,1,4.129295135930388,4.2316075338412675,0.9999520319158102,1,0.9999520319158102,False
0.3333333333333333,0.3333333333333333,2,2,4.242384621707203,4.27860201777143,0.99999563420789,1,0.99999563420789,False
0.3333333333333333,0.3333333333333333,3,3,5.205866940010935,5.275177691691146,0.9998045138505256,1,0.9998045138505256,False
0.3333333333333333,0.3333333333333333,4,4,9.800645598572153,9.717869046542278,0.9998515786125634,1,0.9998515786125634,False
0.3333333333333333,0.3333333333333333,5,6,10.12954678306053,10.14736267624531,0.9712261548076868,1,0.9712261548076868,False
0.3333333333333333,0.3333333333333333,6,7,10.155016486280145,10.198382280558006,0.9560772514033471,1,0.956077251403347,False
0.3333333333333333,0.3333333333333333,7,5,10.165353689550535,10.090953914102407,0.9712226275117961,1,0.9712226275117961,False
0.3333333333333333,0.3333333333333333,8,8,10.360050037024306,10.271725057251938,0.9559695581803025,1,0.9559695581803023,False
0.3333333333333333,0.3333333333333333,9,9,11.411831045985863,11.32364607612971,0.999811520764042,1,0.9998115207640416,False
0.3333333333333333,0.5,1,1,3.9212449763777357,3.9351994871649514,0.9985163343713506,1,0.9985163343713506,False
0.3333333333333333,0.5,2,2,4.085149581349678,4.130656263428862,0.9978431048355757,1,0.9978431048355759,False
0.3333333333333333,0.5,3,3,4.855073995417396,4.89744580782564,0.9992463705047291,1,0.9992463705047291,False
0.3333333333333333,0.5,4,4,9.475966126496854,9.393983258140064,0.9974976697602705,1,0.9974976697602703,False
0.3333333333333333,0.5,5,5,9.944222063720002,9.901664194633957,0.9959449513335419,1,0.9959449513335419,False
0.3333333333333333,0.5,6,6,10.079255347022208,10.02454016535756,0.9952073273794335,1,0.9952073273794337,False
0.3333333333333333,0.5,7,7,10.469897777223064,10.446286318466347,0.9243242631839994,1,0.9243242631840001,False
0.3333333333333333,0.5,8,8,10.485855224118476,10.473289898323333,0.9241784522499753,1,0.9241784522499751,False
0.3333333333333333,0.5,9,9,11.609211600066883,11.575603331767617,0.9992221404653979,1,0.9992221404653979,False
0.3333333333333333,0.6666666666666666,1,1,3.148129684580014,3.1345047688676284,0.9972595871712727,1,0.9972595871712723,False
0.3333333333333333,0.6666666666666666,2,2,3.3113280971741577,3.3202916869540036,0.9971610107554797,1,0.9971610107554797,False
0.3333333333333333,0.6666666666666666,3,3,4.704275710047801,4.699434469283783,0.999991992353651,1,0.999991992353651,False
0.3333333333333333,0.6666666666666666,4,4,9.038048039655509,8.931919110817098,0.9998441515568273,1,0.999844151556827,False
0.3333333333333333,0.6666666666666666,5,5,9.835302197262004,9.791380122712264,0.9995005916970668,1,0.9995005916970668,False
0.3333333333333333,0.6666666666666666,6,6,10.083060870846078,10.048332001654872,0.9972781054842355,1,0.9972781054842355,False
0.3333333333333333,0.6666666666666666,7,7,10.405103768986857,10.38003438864473,0.999508433045836,1,0.9995084330458358,False
0.3333333333333333,0.6666666666666666,8,8,10.881692013053327,10.841258225922163,0.9976003307132585,1,0.9976003307132587,False
0.3333333333333333,0.6666666666666666,9,9,11.823454743028474,11.832939437523343,0.9995762116383736,1,0.9995762116383736,False
0.3333333333333333,0.8333333333333334,1,1,2.60967197663823,2.587552124176793,0.9999805526207282,1,0.9999805526207282,False
0.3333333333333333,0.8333333333333334,2,2,3.363701646791108,3.3816662790803473,0.9994608478232045,1,0.9994608478232045,False
0.3333333333333333,0.8333333333333334,3,3,4.264964535482907,4.248396862566376,0.9994661122698524,1,0.9994661122698524,False
0.3333333333333333,0.8333333333333334,4,4,9.06035249377285,8.981035716903914,0.999828973287244,1,0.9998289732872442,False
0.3333333333333333,0.8333333333333334,5,5,9.82856193578084,9.790006869730892,0.9861196096080236,1,0.9861196096080238,False
0.3333333333333333,0.8333333333333334,6,6,9.962992077907273,9.88337213740661,0.9856785524124135,1,0.9856785524124135,False
0.3333333333333333,0.8333333333333334,7,7,10.228076163460326,10.222734462105407,0.9987687317096928,1,0.9987687317096926,False
0.3333333333333333,0.8333333333333334,8,8,11.18259870345571,11.129066628272284,0.9997693823659092,1,0.999769382365909,False
0.3333333333333333,0.8333333333333334,9,9,11.847046894711902,11.850183727254535,0.9999131054995142,1,0.9999131054995142,False
0.5,0.0,1,1,3.6849645212923043,3.686355378676821,0.9997354845185445,1,0.9997354845185445,False
0.5,0.0,2,2,4.068525915520087,4.090574120078122,0.9999517069590029,1,0.9999517069590032,False
0.5,0.0,3,3,5.019129957160436,5.0713777352990554,0.9998955448900289,1,0.9998955448900289,False
0.5,0.0,4,4,9.188518278191886,9.062618088456162,0.9999049982797651,1,0.9999049982797651,False
0.5,0.0,5,5,9.727323727302878,9.736785100163926,0.997341455698614,1,0.9973414556986142,False
0.5,0.0,6,6,10.07771810433693,10.01082837587361,0.9970026110943773,1,0.9970026110943775,False
0.5,0.0,7,7,10.645261582874936,10.646049010430874,0.9992287272417285,1,0.9992287272417283,False
0.5,0.0,8,8,10.69453331143954,10.649112729094941,0.9989376068497307,1,0.9989376068497307,False
0.5,0.0,9,9,11.71249549806247,11.73187893864727,0.9990321635044295,1,0.9990321635044292,False
0.5,0.16666666666666666,1,1,3.9212583257278184,3.9351562746974125,0.9984840448668746,1,0.9984840448668746,False
0.5,0.16666666666666666,2,2,4.085162800271694,4.130635097768849,0.9978129230323626,1,0.9978129230323626,False
0.5,0.16666666666666666,3,3,4.855020528494968,4.897532625414582,0.9992481649967526,1,0.9992481649967526,False
0.5,0.16666666666666666,4,4,9.475815022071496,9.39382819915334,0.9974998826208611,1,0.9974998826208613,False
0.5,0.16666666666666666,5,5,9.94404576331975,9.901529824051416,0.995961013057165,1,0.9959610130571652,False
0.5,0.16666666666666666,6,6,10.079276357067307,10.024548351714726,0.9952055901442356,1,0.9952055901442354,False
0.5,0.16666666666666666,7,7,10.469911543491017,10.44631254402353,0.9239708094994538,1,0.9239708094994538,False
0.5,0.16666666666666666,8,8,10.485864917199681,10.473310878215404,0.9238103505123108,1,0.923810350512311,False
0.5,0.16666666666666666,9,9,11.609249380254406,11.575609971457686,0.9992225671411454,1,0.9992225671411454,False
0.5,0.3333333333333333,1,1,3.9212822318808764,3.9351636702113275,0.9984939537160337,1,0.9984939537160339,False
0.5,0.3333333333333333,2,2,4.08510580845312,4.1306412156505266,0.9978198491914649,1,0.9978198491914649,False
0.5,0.3333333333333333,3,3,4.8550036265739545,4.897477324627547,0.9992456385140369,1,0.9992456385140369,False
0.5,0.3333333333333333,4,4,9.476020977995455,9.393967578715364,0.997490915147182,1,0.9974909151471818,False
0.5,0.3333333333333333,5,5,9.944199325401021,9.901681911906495,0.9959449965427352,1,0.9959449965427356,False
0.5,0.3333333333333333,6,6,10.079285632757053,10.024547618055681,0.9951976245193451,1,0.9951976245193451,False
0.5,0.3333333333333333,7,7,10.46995156733869,10.446272264364794,0.9246816462696772,1,0.9246816462696772,False
0.5,0.3333333333333333,8,8,10.485876655772268,10.473293870187462,0.9245246222903404,1,0.9245246222903404,False
0.5,0.3333333333333333,9,9,11.609221544386315,11.575638362172587,0.999222070810642,1,0.999222070810642,False
0.5,0.5,1,1,3.6850036008485767,3.6864293543425113,0.9997343427428783,1,0.9997343427428781,False
0.5,0.5,2,2,4.068541241935577,4.090561532829477,0.9999501500441937,1,0.999950150044194,False
0.5,0.5,3,3,5.019059128530005,5.071149933269587,0.9998956197441481,1,0.9998956197441481,False
0.5,0.5,4,4,9.18870948435565,9.062851681183357,0.9999044995024959,1,0.9999044995024962,False
0.5,0.5,5,5,9.727678946340887,9.737072796910711,0.9973358022895417,1,0.9973358022895414,False
0.5,0.5,6,6,10.077712049161196,10.010797939665373,0.9969978640170302,1,0.9969978640170302,False
0.5,0.5,7,7,10.645258673046344,10.646092324253885,0.9993589595475716,1,0.9993589595475714,False
0.5,0.5,8,8,10.694533549898084,10.649102772687533,0.9990654266757176,1,0.9990654266757178,False
0.5,0.5,9,9,11.71250476522604,11.731835140105911,0.9990306727883084,1,0.9990306727883084,False
0.5,0.6666666666666666,1,1,3.92128223188087,3.935163670211322,0.9984939537160346,1,0.9984939537160343,False
0.5,0.6666666666666666,2,2,4.085105808453121,4.130641215650527,0.9978198491914652,1,0.9978198491914647,False
0.5,0.6666666666666666,3,3,4.855003626573954,4.897477324627547,0.9992456385140374,1,0.9992456385140376,False
0.5,0.6666666666666666,4,4,9.476020977995457,9.393967578715362,0.9974909151471847,1,0.9974909151471845,False
0.5,0.6666666666666666,5,5,9.944199325401021,9.901681911906495,0.9959449965427363,1,0.9959449965427363,False
0.5,0.6666666666666666,6,6,10.079285632757047,10.024547618055681,0.9951976245193478,1,0.995197624519348,False
0.5,0.6666666666666666,7,7,10.469951567338693,10.446272264364785,0.9246816462697193,1,0.924681646269719,False
0.5,0.6666666666666666,8,8,10.485876655772266,10.473293870187458,0.9245246222903799,1,0.9245246222903797,False
0.5,0.6666666666666666,9,9,11.609221544386319,11.575638362172587,0.9992220708106437,1,0.9992220708106435,False
0.5,0.8333333333333334,1,1,3.9212583257278135,3.9351562746974076,0.9984840448668748,1,0.998484044866875,False
0.5,0.8333333333333334,2,2,4.085162800271692,4.1306350977688515,0.9978129230323621,1,0.9978129230323619,False
0.5,0.8333333333333334,3,3,4.855020528494968,4.897532625414584,0.9992481649967522,1,0.9992481649967522,False
0.5,0.8333333333333334,4,4,9.475815022071496,9.393828199153338,0.9974998826208629,1,0.9974998826208629,False
0.5,0.8333333333333334,5,5,9.944045763319751,9.901529824051414,0.995961013057165,1,0.9959610130571648,False
0.5,0.8333333333333334,6,6,10.079276357067307,10.024548351714724,0.9952055901442367,1,0.9952055901442367,False
0.5,0.8333333333333334,7,7,10.469911543491019,10.446312544023527,0.923970809499465,1,0.923970809499465,False
0.5,0.8333333333333334,8,8,10.485864917199683,10.4733108782154,0.9238103505123206,1,0.9238103505123209,False
0.5,0.8333333333333334,9,9,11.609249380254408,11.575609971457682,0.9992225671411459,1,0.9992225671411459,False
0.6666666666666666,0.0,1,1,3.1481358288060264,3.1344957816444907,0.9972273996072907,1,0.9972273996072902,False
0.6666666666666666,0.0,2,2,3.311212298941511,3.320246033976429,0.9971288176372626,1,0.997128817637263,False
0.6666666666666666,0.0,3,3,4.7043487317376576,4.699588367714599,0.9999920135035105,1,0.9999920135035105,False
0.6666666666666666,0.0,4,4,9.03786274072667,8.931737144253399,0.9998445053618871,1,0.9998445053618871,False
0.6666666666666666,0.0,5,5,9.83508862180952,9.791213365176931,0.9995037140279149,1,0.9995037140279152,False
0.6666666666666666,0.0,6,6,10.083073804358083,10.048278302599003,0.9972808399158803,1,0.9972808399158803,False
0.6666666666666666,0.0,7,7,10.405025324001365,10.380035822148493,0.9995085536948081,1,0.9995085536948081,False
0.6666666666666666,0.0,8,8,10.8816784182305,10.841230771853386,0.9975998460272526,1,0.997599846027253,False
0.6666666666666666,0.0,9,9,11.823460557896388,11.832979635239607,0.9995762454346819,1,0.9995762454346819,False
0.6666666666666666,0.16666666666666666,1,1,2.609671976638227,2.5875521241767867,0.9999805526207286,1,0.9999805526207286,False
0.6666666666666666,0.16666666666666666,2,2,3.363701646791104,3.3816662790803464,0.9994608478232048,1,0.9994608478232048,False
0.6666666666666666,0.16666666666666666,3,3,4.264964535482906,4.248396862566375,0.9994661122698528,1,0.999466112269853,False
0.6666666666666666,0.16666666666666666,4,4,9.060352493772855,8.981035716903913,0.999828973287246,1,0.999828973287246,False
0.6666666666666666,0.16666666666666666,5,5,9.82856193578084,9.790006869730885,0.9861196096080238,1,0.9861196096080238,False
0.6666666666666666,0.16666666666666666,6,6,9.962992077907275,9.88337213740661,0.9856785524124146,1,0.9856785524124149,False
0.6666666666666666,0.16666666666666666,7,7,10.228076163460324,10.222734462105407,0.9987687317096942,1,0.9987687317096944,False
0.6666666666666666,0.16666666666666666,8,8,11.182598703455717,11.129066628272284,0.9997693823659114,1,0.9997693823659116,False
0.6666666666666666,0.16666666666666666,9,9,11.847046894711903,11.850183727254535,0.9999131054995135,1,0.9999131054995135,False
0.6666666666666666,0.3333333333333333,1,1,3.1481296845800104,3.134504768867634,0.9972595871712714,1,0.9972595871712716,False
0.6666666666666666,0.3333333333333333,2,2,3.311328097174153,3.320291686954008,0.9971610107554809,1,0.9971610107554807,False
0.6666666666666666,0.3333333333333333,3,3,4.7042757100478,4.699434469283786,0.9999919923536497,1,0.9999919923536499,False
0.6666666666666666,0.3333333333333333,4,4,9.03804803965551,8.931919110817098,0.9998441515568279,1,0.9998441515568282,False
0.6666666666666666,0.3333333333333333,5,5,9.835302197262004,9.791380122712262,0.9995005916970668,1,0.9995005916970671,False
0.6666666666666666,0.3333333333333333,6,6,10.083060870846074,10.048332001654876,0.9972781054842348,1,0.9972781054842348,False
0.6666666666666666,0.3333333333333333,7,7,10.405103768986859,10.380034388644734,0.9995084330458371,1,0.9995084330458371,False
0.6666666666666666,0.3333333333333333,8,8,10.881692013053328,10.841258225922163,0.9976003307132594,1,0.9976003307132594,False
0.6666666666666666,0.3333333333333333,9,9,11.823454743028476,11.832939437523343,0.9995762116383758,1,0.9995762116383758,False
0.6666666666666666,0.5,1,1,3.9212449763777286,3.935199487164947,0.9985163343713483,1,0.9985163343713481,False
0.6666666666666666,0.5,2,2,4.085149581349686,4.130656263428862,0.9978431048355746,1,0.9978431048355744,False
0.6666666666666666,0.5,3,3,4.855073995417398,4.897445807825643,0.99924637050473,1,0.99924637050473,False
0.6666666666666666,0.5,4,4,9.475966126496852,9.393983258140064,0.9974976697602688,1,0.9974976697602685,False
0.6666666666666666,0.5,5,5,9.944222063720002,9.901664194633955,0.9959449513335406,1,0.9959449513335406,False
0.6666666666666666,0.5,6,6,10.079255347022212,10.024540165357557,0.9952073273794344,1,0.9952073273794346,False
0.6666666666666666,0.5,7,7,10.469897777223066,10.446286318466349,0.9243242631839994,1,0.9243242631839994,False
0.6666666666666666,0.5,8,8,10.485855224118477,10.473289898323333,0.9241784522499725,1,0.9241784522499725,False
0.6666666666666666,0.5,9,9,11.609211600066883,11.575603331767617,0.9992221404653977,1,0.9992221404653977,False
0.6666666666666666,0.6666666666666666,1,1,4.1292951359303895,4.231607533841268,0.9999520319158106,1,0.9999520319158106,False
0.6666666666666666,0.6666666666666666,2,2,4.242384621707198,4.278602017771423,0.9999956342078913,1,0.9999956342078913,False
0.6666666666666666,0.6666666666666666,3,3,5.205866940010936,5.275177691691146,0.999804513850526,1,0.999804513850526,False
0.6666666666666666,0.6666666666666666,4,4,9.800645598572151,9.717869046542276,0.9998515786125625,1,0.9998515786125625,False
0.6666666666666666,0.6666666666666666,5,6,10.129546783060533,10.147362676245304,0.9712261548076632,1,0.9712261548076634,False
0.6666666666666666,0.6666666666666666,6,7,10.155016486280147,10.198382280558006,0.95607725140335,1,0.95607725140335,False
0.6666666666666666,0.6666666666666666,7,5,10.165353689550539,10.090953914102403,0.9712226275117747,1,0.9712226275117747,False
0.6666666666666666,0.6666666666666666,8,8,10.360050037024306,10.271725057251938,0.9559695581803037,1,0.9559695581803035,False
0.6666666666666666,0.6666666666666666,9,9,11.411831045985863,11.323646076129712,0.9998115207640413,1,0.9998115207640413,False
0.6666666666666666,0.8333333333333334,1,1,3.921207711106128,3.9351914343321135,0.9984852280186268,1,0.9984852280186268,False
0.6666666666666666,0.8333333333333334,2,2,4.085174626638505,4.13067869291982,0.9978153229531217,1,0.9978153229531213,False
0.6666666666666666,0.8333333333333334,3,3,4.855043085653153,4.897566721330013,0.99924977606457,1,0.99924977606457,False
0.6666666666666666,0.8333333333333334,4,4,9.475857375085315,9.393890728305163,0.9974938417744811,1,0.9974938417744811,False
0.6666666666666666,0.8333333333333334,5,5,9.944024118486677,9.901501346796104,0.9959513520514917,1,0.9959513520514919,False
0.6666666666666666,0.8333333333333334,6,6,10.079233621014769,10.024501923007874,0.9951926803049878,1,0.9951926803049875,False
0.6666666666666666,0.8333333333333334,7,7,10.46989090015936,10.44619543609617,0.9242705446867665,1,0.9242705446867661,False
0.6666666666666666,0.8333333333333334,8,8,10.485786353235957,10.473231732556421,0.9241014031672242,1,0.924101403167224,False
0.6666666666666666,0.8333333333333334,9,9,11.609226546450618,11.575611878081284,0.9992224629072186,1,0.9992224629072186,False
0.8333333333333334,0.0,1,1,1.1480721748133822,1.1370752811981173,0.9999507174202192,1,0.999950717420219,False
0.8333333333333334,0.0,2,2,1.9890821222098403,1.9973086965835505,0.9999390324327307,1,0.9999390324327307,False
0.8333333333333334,0.0,3,3,3.0560412519684483,3.0418475005427026,0.9999873008777022,1,0.9999873008777019,False
0.8333333333333334,0.0,4,4,8.713168407258474,8.628000779049326,0.9999338709518214,1,0.9999338709518214,False
0.8333333333333334,0.0,5,5,9.163918232898876,9.101356685573146,0.99987718564799,1,0.9998771856479898,False
0.8333333333333334,0.0,6,6,10.045496025386266,9.949402823412044,0.9998267740398011,1,0.9998267740398011,False
0.8333333333333334,0.0,7,7,10.148576369005722,10.087274578269929,0.999929590189619,1,0.999929590189619,False
0.8333333333333334,0.0,8,8,12.016033745205085,12.050173425720658,0.9999875251752901,1,0.9999875251752901,False
0.8333333333333334,0.0,9,9,12.126706135484643,12.077766599278743,0.999885913883855,1,0.999885913883855,False
0.8333333333333334,0.16666666666666666,1,1,1.1480636036295198,1.137088202105355,0.9999515203774436,1,0.9999515203774436,False
0.8333333333333334,0.16666666666666666,2,2,1.9892742583079093,1.9974146117835216,0.9999397900231174,1,0.9999397900231172,False
0.8333333333333334,0.16666666666666666,3,3,3.0560223898880396,3.041812188860881,0.9999873354448078,1,0.9999873354448078,False
0.8333333333333334,0.16666666666666666,4,4,8.713187293475949,8.628046986076543,0.999934334180851,1,0.9999343341808512,False
0.8333333333333334,0.16666666666666666,5,5,9.163929348935937,9.101371317536197,0.9998768339570139,1,0.9998768339570137,False
0.8333333333333334,0.16666666666666666,6,6,10.045627544795177,9.94947056187467,0.9998267689984836,1,0.9998267689984838,False
0.8333333333333334,0.16666666666666666,7,7,10.14857814304555,10.08727442735195,0.9999301204445992,1,0.9999301204445992,False
0.8333333333333334,0.16666666666666666,8,8,12.01601673382711,12.050210057351658,0.999988240698522,1,0.999988240698522,False
0.8333333333333334,0.16666666666666666,9,9,12.126703059251959,12.077745779649433,0.9998866997832413,1,0.9998866997832413,False
0.8333333333333334,0.3333333333333333,1,1,2.6096880040803727,2.5877292446193443,0.9999805007619671,1,0.9999805007619669,False
0.8333333333333334,0.3333333333333333,2,2,3.363792299172686,3.3818488705206837,0.9994593856499129,1,0.9994593856499131,False
0.8333333333333334,0.3333333333333333,3,3,4.264907211399969,4.248353445418178,0.9994648186083372,1,0.9994648186083372,False
0.8333333333333334,0.3333333333333333,4,4,9.06034793085011,8.980967607234971,0.9998290758345464,1,0.9998290758345464,False
0.8333333333333334,0.3333333333333333,5,5,9.828532905730379,9.789985764663859,0.9860912108563732,1,0.9860912108563734,False
0.8333333333333334,0.3333333333333333,6,6,9.963060513040348,9.883329477111287,0.9856575805983527,1,0.9856575805983527,False
0.8333333333333334,0.3333333333333333,7,7,10.228069401896375,10.222769343734974,0.9987718471736862,1,0.9987718471736862,False
0.8333333333333334,0.3333333333333333,8,8,11.182602282327593,11.129016488864108,0.9997690802031616,1,0.9997690802031614,False
0.8333333333333334,0.3333333333333333,9,9,11.84706162948422,11.850180174303997,0.9999127779677492,1,0.9999127779677492,False
0.8333333333333334,0.5,1,1,3.9212350572336434,3.935140491953644,0.9984818363939043,1,0.9984818363939043,False
0.8333333333333334,0.5,2,2,4.085182671302286,4.130651019393834,0.9978074170764899,1,0.9978074170764899,False
0.8333333333333334,0.5,3,3,4.854991872420713,4.897593024909364,0.9992453633898041,1,0.9992453633898043,False
0.8333333333333334,0.5,4,4,9.475833995122315,9.39385517614725,0.9974957324090614,1,0.9974957324090612,False
0.8333333333333334,0.5,5,5,9.944062723547615,9.901499965002943,0.9959496347031404,1,0.9959496347031406,False
0.8333333333333334,0.5,6,6,10.079235916597613,10.024574393454763,0.9952142945469352,1,0.9952142945469352,False
0.8333333333333334,0.5,7,7,10.46995756523612,10.446293372018467,0.9245684164353423,1,0.9245684164353423,False
0.8333333333333334,0.5,8,8,10.485868509638024,10.473279208205753,0.9244160304889862,1,0.9244160304889862,False
0.8333333333333334,0.5,9,9,11.609198460942322,11.575635802872755,0.9992220971373591,1,0.9992220971373593,False
0.8333333333333334,0.6666666666666666,1,1,3.9212283384181204,3.935127644695874,0.9985032843794491,1,0.9985032843794494,False
0.8333333333333334,0.6666666666666666,2,2,4.085175394750659,4.130639456606706,0.9978255072843552,1,0.9978255072843554,False
0.8333333333333334,0.6666666666666666,3,3,4.855034089830096,4.8975740967083,0.9992418663171073,1,0.9992418663171073,False
0.8333333333333334,0.6666666666666666,4,4,9.475849730635817,9.393891926236163,0.9974977534085377,1,0.9974977534085375,False
0.8333333333333334,0.6666666666666666,5,5,9.944053805822184,9.901511471014443,0.9959576609804954,1,0.9959576609804952,False
0.8333333333333334,0.6666666666666666,6,6,10.07924931934824,10.024528150765807,0.9952065615439437,1,0.9952065615439437,False
0.8333333333333334,0.6666666666666666,7,7,10.469879802162069,10.446233633824805,0.9249910784946092,1,0.924991078494609,False
0.8333333333333334,0.6666666666666666,8,8,10.48579724805981,10.473226277033257,0.924835218889517,1,0.924835218889517,False
0.8333333333333334,0.6666666666666666,9,9,11.609188233451052,11.575641193511403,0.9992223061221143,1,0.999222306122114,False
0.8333333333333334,0.8333333333333334,1,1,2.6096589452208208,2.587718316734387,0.9999807180289481,1,0.9999807180289478,False
0.8333333333333334,0.8333333333333334,2,2,3.363773103053538,3.381733691269606,0.9994606836117328,1,0.9994606836117328,False
0.8333333333333334,0.8333333333333334,3,3,4.264995765670733,4.24852016853575,0.9994659088399814,1,0.9994659088399814,False
0.8333333333333334,0.8333333333333334,4,4,9.060353708272219,8.98101158658586,0.9998297174703108,1,0.9998297174703108,False
0.8333333333333334,0.8333333333333334,5,5,9.828434684010567,9.789860436973058,0.9861560935538974,1,0.9861560935538977,False
0.8333333333333334,0.8333333333333334,6,6,9.962997990572168,9.88330208894511,0.9857231870331316,1,0.9857231870331318,False
0.8333333333333334,0.8333333333333334,7,7,10.227967869228856,10.222661122213738,0.9987704520289608,1,0.9987704520289608,False
0.8333333333333334,0.8333333333333334,8,8,11.182610007279662,11.12902215436777,0.999769016779661,1,0.9997690167796612,False
0.8333333333333334,0.8333333333333334,9,9,11.847047070187758,11.850210900835407,0.9999125934101125,1,0.9999125934101125,False
